<?xml version="1.0" encoding="UTF-8"?>
<GenRun Id="impl_1" LaunchPart="xc7z010clg400-1" LaunchTime="1767667797">
  <File Type="ROUTE-PWR" Name="system_design_wrapper_power_routed.rpt"/>
  <File Type="PA-TCL" Name="system_design_wrapper.tcl"/>
  <File Type="ROUTE-PWR-SUM" Name="system_design_wrapper_power_summary_routed.pb"/>
  <File Type="REPORTS-TCL" Name="system_design_wrapper_reports.tcl"/>
  <File Type="BITSTR-MSK" Name="system_design_wrapper.msk"/>
  <File Type="ROUTE-CLK" Name="system_design_wrapper_clock_utilization_routed.rpt"/>
  <File Type="RDI-RDI" Name="system_design_wrapper.vdi"/>
  <File Type="BG-BIT" Name="system_design_wrapper.bit"/>
  <File Type="BG-DRC" Name="system_design_wrapper.drc"/>
  <File Type="BG-BGN" Name="system_design_wrapper.bgn"/>
  <File Type="BG-BIN" Name="system_design_wrapper.bin"/>
  <File Type="BITSTR-RBT" Name="system_design_wrapper.rbt"/>
  <File Type="BITSTR-NKY" Name="system_design_wrapper.nky"/>
  <File Type="BITSTR-BMM" Name="system_design_wrapper_bd.bmm"/>
  <File Type="BITSTR-MMI" Name="system_design_wrapper.mmi"/>
  <File Type="ROUTE-METHODOLOGY-DRC" Name="system_design_wrapper_methodology_drc_routed.rpt"/>
  <File Type="BITSTR-SYSDEF" Name="system_design_wrapper.sysdef"/>
  <File Type="BITSTR-LTX" Name="debug_nets.ltx"/>
  <File Type="BITSTR-LTX" Name="system_design_wrapper.ltx"/>
  <File Type="WBT-USG" Name="usage_statistics_webtalk.html"/>
  <File Type="OPT-DRC" Name="system_design_wrapper_drc_opted.rpt"/>
  <File Type="OPT-HWDEF" Name="system_design_wrapper.hwdef"/>
  <File Type="PLACE-IO" Name="system_design_wrapper_io_placed.rpt"/>
  <File Type="PLACE-UTIL" Name="system_design_wrapper_utilization_placed.rpt"/>
  <File Type="PLACE-UTIL-PB" Name="system_design_wrapper_utilization_placed.pb"/>
  <File Type="PLACE-CTRL" Name="system_design_wrapper_control_sets_placed.rpt"/>
  <File Type="PLACE-PRE-SIMILARITY" Name="system_design_wrapper_incremental_reuse_pre_placed.rpt"/>
  <File Type="ROUTE-DRC" Name="system_design_wrapper_drc_routed.rpt"/>
  <File Type="ROUTE-DRC-PB" Name="system_design_wrapper_drc_routed.pb"/>
  <File Type="ROUTE-PWR-RPX" Name="system_design_wrapper_power_routed.rpx"/>
  <File Type="ROUTE-STATUS" Name="system_design_wrapper_route_status.rpt"/>
  <File Type="ROUTE-STATUS-PB" Name="system_design_wrapper_route_status.pb"/>
  <File Type="ROUTE-DCP" Name="system_design_wrapper_routed.dcp"/>
  <File Type="ROUTE-ERROR-DCP" Name="system_design_wrapper_routed_error.dcp"/>
  <File Type="ROUTE-BLACKBOX-DCP" Name="system_design_wrapper_routed_bb.dcp"/>
  <File Type="ROUTE-TIMINGSUMMARY" Name="system_design_wrapper_timing_summary_routed.rpt"/>
  <File Type="ROUTE-TIMING-PB" Name="system_design_wrapper_timing_summary_routed.pb"/>
  <File Type="ROUTE-TIMING-RPX" Name="system_design_wrapper_timing_summary_routed.rpx"/>
  <File Type="ROUTE-BUS-SKEW" Name="system_design_wrapper_bus_skew_routed.rpt"/>
  <File Type="ROUTE-BUS-SKEW-PB" Name="system_design_wrapper_bus_skew_routed.pb"/>
  <File Type="ROUTE-BUS-SKEW-RPX" Name="system_design_wrapper_bus_skew_routed.rpx"/>
  <File Type="OPT-DCP" Name="system_design_wrapper_opt.dcp"/>
  <File Type="PLACE-DCP" Name="system_design_wrapper_placed.dcp"/>
  <File Type="PWROPT-DCP" Name="system_design_wrapper_pwropt.dcp"/>
  <File Type="POSTPLACE-PWROPT-DCP" Name="system_design_wrapper_postplace_pwropt.dcp"/>
  <File Type="PHYSOPT-DCP" Name="system_design_wrapper_physopt.dcp"/>
  <File Type="POSTROUTE-PHYSOPT-DCP" Name="system_design_wrapper_postroute_physopt.dcp"/>
  <File Type="POSTROUTE-PHYSOPT-BLACKBOX-DCP" Name="system_design_wrapper_postroute_physopt_bb.dcp"/>
  <File Type="ROUTE-METHODOLOGY-DRC-PB" Name="system_design_wrapper_methodology_drc_routed.pb"/>
  <File Type="ROUTE-DRC-RPX" Name="system_design_wrapper_drc_routed.rpx"/>
  <File Type="ROUTE-METHODOLOGY-DRC-RPX" Name="system_design_wrapper_methodology_drc_routed.rpx"/>
  <File Type="PDI-FILE" Name="system_design_wrapper.pdi"/>
  <File Type="RCFI_FILE" Name="system_design_wrapper.rcfi"/>
  <File Type="CFI_FILE" Name="system_design_wrapper.cfi"/>
  <File Type="RNPI_FILE" Name="system_design_wrapper.rnpi"/>
  <File Type="NPI_FILE" Name="system_design_wrapper.npi"/>
  <File Type="RBD_FILE" Name="system_design_wrapper.rbd"/>
  <FileSet Name="sources" Type="DesignSrcs" RelSrcDir="$PSRCDIR/sources_1" RelGenDir="$PGENDIR/sources_1">
    <Filter Type="Srcs"/>
    <File Path="$PSRCDIR/sources_1/new/i2s.v">
      <FileInfo>
        <Attr Name="ImportPath" Val="$PPRDIR/../../../../../../../../../../../../../../../Xilinx/My_projects/i2s_test-main/i2s_test-main/i2s_test.srcs/sources_1/new/i2s.v"/>
        <Attr Name="ImportTime" Val="1765059721"/>
        <Attr Name="UsedIn" Val="synthesis"/>
        <Attr Name="UsedIn" Val="implementation"/>
        <Attr Name="UsedIn" Val="simulation"/>
      </FileInfo>
    </File>
    <File Path="$PSRCDIR/sources_1/new/fm_modulator.v">
      <FileInfo>
        <Attr Name="ImportPath" Val="$PPRDIR/../../../../../../../../../../../../../../../Xilinx/My_projects/i2s_test-main/i2s_test-main/i2s_test.srcs/sources_1/new/fm_modulator.v"/>
        <Attr Name="ImportTime" Val="1765072570"/>
        <Attr Name="UsedIn" Val="synthesis"/>
        <Attr Name="UsedIn" Val="implementation"/>
        <Attr Name="UsedIn" Val="simulation"/>
      </FileInfo>
    </File>
    <File Path="$PSRCDIR/sources_1/new/gen_tvalid.v">
      <FileInfo>
        <Attr Name="ImportPath" Val="$PPRDIR/../../../../../../../../../../../../../../../Xilinx/My_projects/i2s_test-main/i2s_test-main/i2s_test.srcs/sources_1/new/gen_tvalid.v"/>
        <Attr Name="ImportTime" Val="1765262117"/>
        <Attr Name="UsedIn" Val="synthesis"/>
        <Attr Name="UsedIn" Val="implementation"/>
        <Attr Name="UsedIn" Val="simulation"/>
      </FileInfo>
    </File>
    <File Path="$PSRCDIR/sources_1/new/signal_combiner.v">
      <FileInfo>
        <Attr Name="ImportPath" Val="$PPRDIR/../../../../../../../../../../../../../../../Xilinx/My_projects/i2s_test-main/i2s_test-main/i2s_test.srcs/sources_1/new/signal_combiner.v"/>
        <Attr Name="ImportTime" Val="1765355659"/>
        <Attr Name="UsedIn" Val="synthesis"/>
        <Attr Name="UsedIn" Val="implementation"/>
        <Attr Name="UsedIn" Val="simulation"/>
      </FileInfo>
    </File>
    <File Path="$PSRCDIR/sources_1/new/clk_div.v">
      <FileInfo>
        <Attr Name="ImportPath" Val="$PPRDIR/../../../../../../../../../../../../../../../Xilinx/My_projects/i2s_test-main/i2s_test-main/i2s_test.srcs/sources_1/new/clk_div.v"/>
        <Attr Name="ImportTime" Val="1765356348"/>
        <Attr Name="UsedIn" Val="synthesis"/>
        <Attr Name="UsedIn" Val="implementation"/>
        <Attr Name="UsedIn" Val="simulation"/>
      </FileInfo>
    </File>
    <File Path="$PSRCDIR/sources_1/new/gen_tvalid_cic_MPX.v">
      <FileInfo>
        <Attr Name="ImportPath" Val="$PPRDIR/../../../../../../../../../../../../../../../Xilinx/My_projects/i2s_test-main/i2s_test-main/i2s_test.srcs/sources_1/new/gen_tvalid_cic_MPX.v"/>
        <Attr Name="ImportTime" Val="1765362771"/>
        <Attr Name="UsedIn" Val="synthesis"/>
        <Attr Name="UsedIn" Val="implementation"/>
        <Attr Name="UsedIn" Val="simulation"/>
      </FileInfo>
    </File>
    <File Path="$PSRCDIR/sources_1/new/16to24bits.v">
      <FileInfo>
        <Attr Name="ImportPath" Val="$PPRDIR/../../../../../../../../../../../../../../../Xilinx/My_projects/i2s_test-main/i2s_test-main/i2s_test.srcs/sources_1/new/16to24bits.v"/>
        <Attr Name="ImportTime" Val="1765498842"/>
        <Attr Name="UsedIn" Val="synthesis"/>
        <Attr Name="UsedIn" Val="implementation"/>
        <Attr Name="UsedIn" Val="simulation"/>
      </FileInfo>
    </File>
    <File Path="$PSRCDIR/sources_1/new/gen_tvalid_strobe.v">
      <FileInfo>
        <Attr Name="ImportPath" Val="$PPRDIR/../../../../../../../../../../../../../../../Xilinx/My_projects/i2s_test-main/i2s_test-main/i2s_test.srcs/sources_1/new/gen_tvalid_strobe.v"/>
        <Attr Name="ImportTime" Val="1765513470"/>
        <Attr Name="UsedIn" Val="synthesis"/>
        <Attr Name="UsedIn" Val="implementation"/>
        <Attr Name="UsedIn" Val="simulation"/>
      </FileInfo>
    </File>
    <File Path="$PSRCDIR/sources_1/new/deviation_control.v">
      <FileInfo>
        <Attr Name="ImportPath" Val="$PPRDIR/../../../../../../../../../../../../../../../Xilinx/My_projects/i2s_test-main/i2s_test-main/i2s_test.srcs/sources_1/new/deviation_control.v"/>
        <Attr Name="ImportTime" Val="1765426458"/>
        <Attr Name="UsedIn" Val="synthesis"/>
        <Attr Name="UsedIn" Val="implementation"/>
        <Attr Name="UsedIn" Val="simulation"/>
      </FileInfo>
    </File>
    <File Path="$PSRCDIR/sources_1/new/sine_demux.v">
      <FileInfo>
        <Attr Name="ImportPath" Val="$PPRDIR/../../../../../../../../../../../../../../../Xilinx/My_projects/i2s_test-main/i2s_test-main/i2s_test.srcs/sources_1/new/sine_demux.v"/>
        <Attr Name="ImportTime" Val="1765297976"/>
        <Attr Name="UsedIn" Val="synthesis"/>
        <Attr Name="UsedIn" Val="implementation"/>
        <Attr Name="UsedIn" Val="simulation"/>
      </FileInfo>
    </File>
    <File Path="$PSRCDIR/sources_1/new/pilot_mixer_tmp.v">
      <FileInfo>
        <Attr Name="ImportPath" Val="$PPRDIR/../../../../../../../../../../../../../../../Xilinx/My_projects/i2s_test-main/i2s_test-main/i2s_test.srcs/sources_1/new/pilot_mixer_tmp.v"/>
        <Attr Name="ImportTime" Val="1765409336"/>
        <Attr Name="UsedIn" Val="synthesis"/>
        <Attr Name="UsedIn" Val="implementation"/>
        <Attr Name="UsedIn" Val="simulation"/>
      </FileInfo>
    </File>
    <File Path="$PSRCDIR/sources_1/new/leds_peak_dev.v">
      <FileInfo>
        <Attr Name="ImportPath" Val="$PPRDIR/../../../../../../../../../../Xilinx/My_projects/i2s_test-main/i2s_5555.xpr/i2s_test/i2s_test.srcs/sources_1/new/leds_peak_dev.v"/>
        <Attr Name="ImportTime" Val="1765646019"/>
        <Attr Name="UsedIn" Val="synthesis"/>
        <Attr Name="UsedIn" Val="implementation"/>
        <Attr Name="UsedIn" Val="simulation"/>
      </FileInfo>
    </File>
    <File Path="$PSRCDIR/sources_1/new/RDS_dev_level_tmp.v">
      <FileInfo>
        <Attr Name="ImportPath" Val="$PPRDIR/../../../../../../../../../../../../../../../Xilinx/My_projects/i2s_test-main/i2s_test-main/i2s_test.srcs/sources_1/new/RDS_dev_level_tmp.v"/>
        <Attr Name="ImportTime" Val="1765414597"/>
        <Attr Name="UsedIn" Val="synthesis"/>
        <Attr Name="UsedIn" Val="implementation"/>
        <Attr Name="UsedIn" Val="simulation"/>
      </FileInfo>
    </File>
    <File Path="$PSRCDIR/sources_1/new/mod_57kHz.v">
      <FileInfo>
        <Attr Name="ImportPath" Val="$PPRDIR/../../../../../../../../../../../../../../../Xilinx/My_projects/i2s_test-main/i2s_test-main/i2s_test.srcs/sources_1/new/mod_57kHz.v"/>
        <Attr Name="ImportTime" Val="1765416387"/>
        <Attr Name="UsedIn" Val="synthesis"/>
        <Attr Name="UsedIn" Val="implementation"/>
        <Attr Name="UsedIn" Val="simulation"/>
      </FileInfo>
    </File>
    <File Path="$PSRCDIR/sources_1/new/RDS_encoder.v">
      <FileInfo>
        <Attr Name="ImportPath" Val="$PPRDIR/../../../../../../../../../../../../../../../Xilinx/My_projects/i2s_test-main/i2s_test-main/i2s_test.srcs/sources_1/new/RDS_encoder.v"/>
        <Attr Name="ImportTime" Val="1765407955"/>
        <Attr Name="UsedIn" Val="synthesis"/>
        <Attr Name="UsedIn" Val="implementation"/>
        <Attr Name="UsedIn" Val="simulation"/>
      </FileInfo>
    </File>
    <File Path="$PSRCDIR/sources_1/new/del_line.v">
      <FileInfo>
        <Attr Name="ImportPath" Val="$PPRDIR/../../../../../../../../../../Xilinx/My_projects/i2s_test-main/i2s_5555.xpr/i2s_test/i2s_test.srcs/sources_1/new/del_line.v"/>
        <Attr Name="ImportTime" Val="1766326763"/>
        <Attr Name="UsedIn" Val="synthesis"/>
        <Attr Name="UsedIn" Val="implementation"/>
        <Attr Name="UsedIn" Val="simulation"/>
      </FileInfo>
    </File>
    <File Path="$PSRCDIR/sources_1/new/mod_38kHz.v">
      <FileInfo>
        <Attr Name="ImportPath" Val="$PPRDIR/../../../../../../../../../../../../../../../Xilinx/My_projects/i2s_test-main/i2s_test-main/i2s_test.srcs/sources_1/new/mod_38kHz.v"/>
        <Attr Name="ImportTime" Val="1765416151"/>
        <Attr Name="UsedIn" Val="synthesis"/>
        <Attr Name="UsedIn" Val="implementation"/>
        <Attr Name="UsedIn" Val="simulation"/>
      </FileInfo>
    </File>
    <File Path="$PSRCDIR/sources_1/new/pre_emphasis.v">
      <FileInfo>
        <Attr Name="ImportPath" Val="$PPRDIR/../../../../../../../../../../Xilinx/My_projects/i2s_test-main/i2s_5555.xpr/i2s_test/i2s_test.srcs/sources_1/new/pre_emphasis.v"/>
        <Attr Name="ImportTime" Val="1766341701"/>
        <Attr Name="UsedIn" Val="synthesis"/>
        <Attr Name="UsedIn" Val="implementation"/>
        <Attr Name="UsedIn" Val="simulation"/>
      </FileInfo>
    </File>
    <File Path="$PSRCDIR/sources_1/new/cic_lvl_comp.v">
      <FileInfo>
        <Attr Name="ImportPath" Val="$PPRDIR/../../../../../../../../../../Xilinx/My_projects/i2s_test-main/i2s_5555.xpr/i2s_test/i2s_test.srcs/sources_1/new/cic_lvl_comp.v"/>
        <Attr Name="ImportTime" Val="1766341953"/>
        <Attr Name="UsedIn" Val="synthesis"/>
        <Attr Name="UsedIn" Val="implementation"/>
        <Attr Name="UsedIn" Val="simulation"/>
      </FileInfo>
    </File>
    <File Path="$PSRCDIR/sources_1/new/LR_matrix.v">
      <FileInfo>
        <Attr Name="ImportPath" Val="$PPRDIR/../../../../../../../../../../../../../../../Xilinx/My_projects/i2s_test-main/i2s_test-main/i2s_test.srcs/sources_1/new/LR_matrix.v"/>
        <Attr Name="ImportTime" Val="1765359275"/>
        <Attr Name="UsedIn" Val="synthesis"/>
        <Attr Name="UsedIn" Val="implementation"/>
        <Attr Name="UsedIn" Val="simulation"/>
      </FileInfo>
    </File>
    <File Path="$PSRCDIR/sources_1/bd/system_design/system_design.bd">
      <FileInfo>
        <Attr Name="ImportPath" Val="$PPRDIR/../../../../../../../../../../../../../../../Xilinx/My_projects/i2s_test-main/i2s_test-main/i2s_test.srcs/sources_1/bd/system_design/system_design.bd"/>
        <Attr Name="ImportTime" Val="1765517414"/>
        <Attr Name="UsedIn" Val="synthesis"/>
        <Attr Name="UsedIn" Val="implementation"/>
        <Attr Name="UsedIn" Val="simulation"/>
      </FileInfo>
    </File>
    <File Path="$PSRCDIR/sources_1/imports/system_design_wrapper.v">
      <FileInfo>
        <Attr Name="ImportPath" Val="$PPRDIR/../../../../../../../../../../Xilinx/My_projects/i2s_test-main/i2s_5555.xpr/i2s_test/i2s_test.gen/sources_1/bd/system_design/hdl/system_design_wrapper.v"/>
        <Attr Name="ImportTime" Val="1766687466"/>
        <Attr Name="UsedIn" Val="synthesis"/>
        <Attr Name="UsedIn" Val="implementation"/>
        <Attr Name="UsedIn" Val="simulation"/>
      </FileInfo>
    </File>
    <File Path="$PSRCDIR/sources_1/new/switch.v">
      <FileInfo>
        <Attr Name="AutoDisabled" Val="1"/>
        <Attr Name="ImportPath" Val="$PPRDIR/../../../../../../../../../../../../../../../Xilinx/My_projects/i2s_test-main/i2s_test-main/i2s_test.srcs/sources_1/new/switch.v"/>
        <Attr Name="ImportTime" Val="1765201323"/>
        <Attr Name="UsedIn" Val="synthesis"/>
        <Attr Name="UsedIn" Val="implementation"/>
        <Attr Name="UsedIn" Val="simulation"/>
      </FileInfo>
    </File>
    <File Path="$PSRCDIR/sources_1/imports/filters/LPF_15kHz_48.coe">
      <FileInfo>
        <Attr Name="ImportPath" Val="$PPRDIR/../../../../../../../../../../../../../../../Xilinx/My_projects/i2s_test-main/filters/LPF_15kHz_48.coe"/>
        <Attr Name="ImportTime" Val="1765188098"/>
        <Attr Name="UsedIn" Val="synthesis"/>
        <Attr Name="UsedIn" Val="simulation"/>
      </FileInfo>
    </File>
    <File Path="$PSRCDIR/sources_1/imports/filters/pre-emphasis_75_48.coe">
      <FileInfo>
        <Attr Name="ImportPath" Val="$PPRDIR/../../../../../../../../../../../../../../../Xilinx/My_projects/i2s_test-main/filters/pre-emphasis_75_48.coe"/>
        <Attr Name="ImportTime" Val="1765187667"/>
        <Attr Name="UsedIn" Val="synthesis"/>
        <Attr Name="UsedIn" Val="simulation"/>
      </FileInfo>
    </File>
    <File Path="$PSRCDIR/sources_1/imports/filters/LPF_4x_interpolate.coe">
      <FileInfo>
        <Attr Name="ImportPath" Val="$PPRDIR/../../../../../../../../../../../../../../../Xilinx/My_projects/i2s_test-main/filters/LPF_4x_interpolate.coe"/>
        <Attr Name="ImportTime" Val="1765132932"/>
        <Attr Name="UsedIn" Val="synthesis"/>
        <Attr Name="UsedIn" Val="simulation"/>
      </FileInfo>
    </File>
    <File Path="$PPRDIR/../../../../../../../../../../Xilinx/My_projects/i2s_test-main/i2s_5555.xpr/i2s_test/archive_project_summary.txt"/>
    <File Path="$PSRCDIR/sources_1/imports/filters/LPF_15kHz_768.coe">
      <FileInfo>
        <Attr Name="ImportPath" Val="$PPRDIR/../../../../../../../../../../Xilinx/My_projects/i2s_test-main/filters/LPF_15kHz_768.coe"/>
        <Attr Name="ImportTime" Val="1765692236"/>
        <Attr Name="UsedIn" Val="synthesis"/>
        <Attr Name="UsedIn" Val="simulation"/>
      </FileInfo>
    </File>
    <Config>
      <Option Name="DesignMode" Val="RTL"/>
      <Option Name="TopModule" Val="system_design_wrapper"/>
      <Option Name="TopAutoSet" Val="TRUE"/>
    </Config>
  </FileSet>
  <FileSet Name="constrs_in" Type="Constrs" RelSrcDir="$PSRCDIR/constrs_1">
    <Filter Type="Constrs"/>
    <File Path="$PSRCDIR/constrs_1/new/constr.xdc">
      <FileInfo>
        <Attr Name="ImportPath" Val="$PPRDIR/../../../../../../../../../../../../../../../Xilinx/My_projects/i2s_test-main/i2s_test-main/i2s_test.srcs/constrs_1/new/constr.xdc"/>
        <Attr Name="ImportTime" Val="1765515653"/>
        <Attr Name="UsedIn" Val="synthesis"/>
        <Attr Name="UsedIn" Val="implementation"/>
      </FileInfo>
    </File>
    <Config>
      <Option Name="TargetConstrsFile" Val="$PSRCDIR/constrs_1/new/constr.xdc"/>
      <Option Name="ConstrsType" Val="XDC"/>
    </Config>
  </FileSet>
  <FileSet Name="utils" Type="Utils" RelSrcDir="$PSRCDIR/utils_1">
    <Filter Type="Utils"/>
    <Config>
      <Option Name="TopAutoSet" Val="TRUE"/>
    </Config>
  </FileSet>
  <Strategy Version="1" Minor="2">
    <StratHandle Name="Vivado Implementation Defaults" Flow="Vivado Implementation 2019"/>
    <Step Id="init_design"/>
    <Step Id="opt_design"/>
    <Step Id="power_opt_design"/>
    <Step Id="place_design"/>
    <Step Id="post_place_power_opt_design"/>
    <Step Id="phys_opt_design"/>
    <Step Id="route_design"/>
    <Step Id="post_route_phys_opt_design"/>
    <Step Id="write_bitstream"/>
    <Step Id="write_device_image"/>
  </Strategy>
  <BlockFileSet Type="BlockSrcs" Name="system_design_i2s_transmitter_0_0"/>
  <BlockFileSet Type="BlockSrcs" Name="system_design_vio_0_0"/>
  <BlockFileSet Type="BlockSrcs" Name="system_design_leds_peak_dev_0_0"/>
  <BlockFileSet Type="BlockSrcs" Name="system_design_RDS_dev_level_tmp_0_0"/>
  <BlockFileSet Type="BlockSrcs" Name="system_design_gen_tvalid_strobe_1_0"/>
  <BlockFileSet Type="BlockSrcs" Name="system_design_pre_emphasis_0_0"/>
  <BlockFileSet Type="BlockSrcs" Name="system_design_pilot_mixer_tmp_0_0"/>
  <BlockFileSet Type="BlockSrcs" Name="system_design_del_line_0_0"/>
  <BlockFileSet Type="BlockSrcs" Name="system_design_sine_demux_0_0"/>
  <BlockFileSet Type="BlockSrcs" Name="system_design_fir_compiler_0_0"/>
  <BlockFileSet Type="BlockSrcs" Name="system_design_cic_lvl_comp_0_0"/>
  <BlockFileSet Type="BlockSrcs" Name="system_design_mod_38kHz_0_0"/>
  <BlockFileSet Type="BlockSrcs" Name="system_design_i2s_receiver_0_0"/>
  <BlockFileSet Type="BlockSrcs" Name="system_design_cic_interpolate_RIGHT_0"/>
  <BlockFileSet Type="BlockSrcs" Name="system_design_clk_wiz_0_0"/>
  <BlockFileSet Type="BlockSrcs" Name="system_design_dds_compiler_0_0"/>
  <BlockFileSet Type="BlockSrcs" Name="system_design_clk_wiz_0_3"/>
  <BlockFileSet Type="BlockSrcs" Name="system_design_audio_formatter_0_0"/>
  <BlockFileSet Type="BlockSrcs" Name="system_design_LR_matrix_0_0"/>
  <BlockFileSet Type="BlockSrcs" Name="system_design_RDS_encoder_0_0"/>
</GenRun>
