<?xml version="1.0" encoding="UTF-8"?>
<spirit:component xmlns:xilinx="http://www.xilinx.com" xmlns:spirit="http://www.spiritconsortium.org/XMLSchema/SPIRIT/1685-2009" xmlns:xsi="http://www.w3.org/2001/XMLSchema-instance">
  <spirit:vendor>DenisKoryakin</spirit:vendor>
  <spirit:library>customized_ip</spirit:library>
  <spirit:name>system_design_fm_ctrl_0_3</spirit:name>
  <spirit:version>1.0</spirit:version>
  <spirit:busInterfaces>
    <spirit:busInterface>
      <spirit:name>S00_AXI</spirit:name>
      <spirit:busType spirit:vendor="xilinx.com" spirit:library="interface" spirit:name="aximm" spirit:version="1.0"/>
      <spirit:abstractionType spirit:vendor="xilinx.com" spirit:library="interface" spirit:name="aximm_rtl" spirit:version="1.0"/>
      <spirit:slave>
        <spirit:memoryMapRef spirit:memoryMapRef="S00_AXI"/>
      </spirit:slave>
      <spirit:portMaps>
        <spirit:portMap>
          <spirit:logicalPort>
            <spirit:name>AWADDR</spirit:name>
          </spirit:logicalPort>
          <spirit:physicalPort>
            <spirit:name>s00_axi_awaddr</spirit:name>
          </spirit:physicalPort>
        </spirit:portMap>
        <spirit:portMap>
          <spirit:logicalPort>
            <spirit:name>AWPROT</spirit:name>
          </spirit:logicalPort>
          <spirit:physicalPort>
            <spirit:name>s00_axi_awprot</spirit:name>
          </spirit:physicalPort>
        </spirit:portMap>
        <spirit:portMap>
          <spirit:logicalPort>
            <spirit:name>AWVALID</spirit:name>
          </spirit:logicalPort>
          <spirit:physicalPort>
            <spirit:name>s00_axi_awvalid</spirit:name>
          </spirit:physicalPort>
        </spirit:portMap>
        <spirit:portMap>
          <spirit:logicalPort>
            <spirit:name>AWREADY</spirit:name>
          </spirit:logicalPort>
          <spirit:physicalPort>
            <spirit:name>s00_axi_awready</spirit:name>
          </spirit:physicalPort>
        </spirit:portMap>
        <spirit:portMap>
          <spirit:logicalPort>
            <spirit:name>WDATA</spirit:name>
          </spirit:logicalPort>
          <spirit:physicalPort>
            <spirit:name>s00_axi_wdata</spirit:name>
          </spirit:physicalPort>
        </spirit:portMap>
        <spirit:portMap>
          <spirit:logicalPort>
            <spirit:name>WSTRB</spirit:name>
          </spirit:logicalPort>
          <spirit:physicalPort>
            <spirit:name>s00_axi_wstrb</spirit:name>
          </spirit:physicalPort>
        </spirit:portMap>
        <spirit:portMap>
          <spirit:logicalPort>
            <spirit:name>WVALID</spirit:name>
          </spirit:logicalPort>
          <spirit:physicalPort>
            <spirit:name>s00_axi_wvalid</spirit:name>
          </spirit:physicalPort>
        </spirit:portMap>
        <spirit:portMap>
          <spirit:logicalPort>
            <spirit:name>WREADY</spirit:name>
          </spirit:logicalPort>
          <spirit:physicalPort>
            <spirit:name>s00_axi_wready</spirit:name>
          </spirit:physicalPort>
        </spirit:portMap>
        <spirit:portMap>
          <spirit:logicalPort>
            <spirit:name>BRESP</spirit:name>
          </spirit:logicalPort>
          <spirit:physicalPort>
            <spirit:name>s00_axi_bresp</spirit:name>
          </spirit:physicalPort>
        </spirit:portMap>
        <spirit:portMap>
          <spirit:logicalPort>
            <spirit:name>BVALID</spirit:name>
          </spirit:logicalPort>
          <spirit:physicalPort>
            <spirit:name>s00_axi_bvalid</spirit:name>
          </spirit:physicalPort>
        </spirit:portMap>
        <spirit:portMap>
          <spirit:logicalPort>
            <spirit:name>BREADY</spirit:name>
          </spirit:logicalPort>
          <spirit:physicalPort>
            <spirit:name>s00_axi_bready</spirit:name>
          </spirit:physicalPort>
        </spirit:portMap>
        <spirit:portMap>
          <spirit:logicalPort>
            <spirit:name>ARADDR</spirit:name>
          </spirit:logicalPort>
          <spirit:physicalPort>
            <spirit:name>s00_axi_araddr</spirit:name>
          </spirit:physicalPort>
        </spirit:portMap>
        <spirit:portMap>
          <spirit:logicalPort>
            <spirit:name>ARPROT</spirit:name>
          </spirit:logicalPort>
          <spirit:physicalPort>
            <spirit:name>s00_axi_arprot</spirit:name>
          </spirit:physicalPort>
        </spirit:portMap>
        <spirit:portMap>
          <spirit:logicalPort>
            <spirit:name>ARVALID</spirit:name>
          </spirit:logicalPort>
          <spirit:physicalPort>
            <spirit:name>s00_axi_arvalid</spirit:name>
          </spirit:physicalPort>
        </spirit:portMap>
        <spirit:portMap>
          <spirit:logicalPort>
            <spirit:name>ARREADY</spirit:name>
          </spirit:logicalPort>
          <spirit:physicalPort>
            <spirit:name>s00_axi_arready</spirit:name>
          </spirit:physicalPort>
        </spirit:portMap>
        <spirit:portMap>
          <spirit:logicalPort>
            <spirit:name>RDATA</spirit:name>
          </spirit:logicalPort>
          <spirit:physicalPort>
            <spirit:name>s00_axi_rdata</spirit:name>
          </spirit:physicalPort>
        </spirit:portMap>
        <spirit:portMap>
          <spirit:logicalPort>
            <spirit:name>RRESP</spirit:name>
          </spirit:logicalPort>
          <spirit:physicalPort>
            <spirit:name>s00_axi_rresp</spirit:name>
          </spirit:physicalPort>
        </spirit:portMap>
        <spirit:portMap>
          <spirit:logicalPort>
            <spirit:name>RVALID</spirit:name>
          </spirit:logicalPort>
          <spirit:physicalPort>
            <spirit:name>s00_axi_rvalid</spirit:name>
          </spirit:physicalPort>
        </spirit:portMap>
        <spirit:portMap>
          <spirit:logicalPort>
            <spirit:name>RREADY</spirit:name>
          </spirit:logicalPort>
          <spirit:physicalPort>
            <spirit:name>s00_axi_rready</spirit:name>
          </spirit:physicalPort>
        </spirit:portMap>
      </spirit:portMaps>
      <spirit:parameters>
        <spirit:parameter>
          <spirit:name>WIZ_DATA_WIDTH</spirit:name>
          <spirit:value spirit:format="long" spirit:id="BUSIFPARAM_VALUE.S00_AXI.WIZ_DATA_WIDTH" spirit:choiceRef="choice_list_6fc15197">32</spirit:value>
        </spirit:parameter>
        <spirit:parameter>
          <spirit:name>WIZ_NUM_REG</spirit:name>
          <spirit:value spirit:format="long" spirit:id="BUSIFPARAM_VALUE.S00_AXI.WIZ_NUM_REG" spirit:minimum="4" spirit:maximum="512" spirit:rangeType="long">64</spirit:value>
        </spirit:parameter>
        <spirit:parameter>
          <spirit:name>SUPPORTS_NARROW_BURST</spirit:name>
          <spirit:value spirit:format="long" spirit:id="BUSIFPARAM_VALUE.S00_AXI.SUPPORTS_NARROW_BURST" spirit:choiceRef="choice_pairs_ce1226b1">0</spirit:value>
        </spirit:parameter>
        <spirit:parameter>
          <spirit:name>DATA_WIDTH</spirit:name>
          <spirit:value spirit:format="long" spirit:resolve="generated" spirit:id="BUSIFPARAM_VALUE.S00_AXI.DATA_WIDTH">32</spirit:value>
          <spirit:vendorExtensions>
            <xilinx:parameterInfo>
              <xilinx:parameterUsage>none</xilinx:parameterUsage>
            </xilinx:parameterInfo>
          </spirit:vendorExtensions>
        </spirit:parameter>
        <spirit:parameter>
          <spirit:name>PROTOCOL</spirit:name>
          <spirit:value spirit:resolve="generated" spirit:id="BUSIFPARAM_VALUE.S00_AXI.PROTOCOL">AXI4LITE</spirit:value>
          <spirit:vendorExtensions>
            <xilinx:parameterInfo>
              <xilinx:parameterUsage>none</xilinx:parameterUsage>
            </xilinx:parameterInfo>
          </spirit:vendorExtensions>
        </spirit:parameter>
        <spirit:parameter>
          <spirit:name>FREQ_HZ</spirit:name>
          <spirit:value spirit:format="long" spirit:resolve="generated" spirit:id="BUSIFPARAM_VALUE.S00_AXI.FREQ_HZ">100000000</spirit:value>
          <spirit:vendorExtensions>
            <xilinx:parameterInfo>
              <xilinx:parameterUsage>none</xilinx:parameterUsage>
            </xilinx:parameterInfo>
          </spirit:vendorExtensions>
        </spirit:parameter>
        <spirit:parameter>
          <spirit:name>ID_WIDTH</spirit:name>
          <spirit:value spirit:format="long" spirit:resolve="generated" spirit:id="BUSIFPARAM_VALUE.S00_AXI.ID_WIDTH">0</spirit:value>
          <spirit:vendorExtensions>
            <xilinx:parameterInfo>
              <xilinx:parameterUsage>none</xilinx:parameterUsage>
            </xilinx:parameterInfo>
          </spirit:vendorExtensions>
        </spirit:parameter>
        <spirit:parameter>
          <spirit:name>ADDR_WIDTH</spirit:name>
          <spirit:value spirit:format="long" spirit:resolve="generated" spirit:id="BUSIFPARAM_VALUE.S00_AXI.ADDR_WIDTH">8</spirit:value>
          <spirit:vendorExtensions>
            <xilinx:parameterInfo>
              <xilinx:parameterUsage>none</xilinx:parameterUsage>
            </xilinx:parameterInfo>
          </spirit:vendorExtensions>
        </spirit:parameter>
        <spirit:parameter>
          <spirit:name>AWUSER_WIDTH</spirit:name>
          <spirit:value spirit:format="long" spirit:resolve="generated" spirit:id="BUSIFPARAM_VALUE.S00_AXI.AWUSER_WIDTH">0</spirit:value>
          <spirit:vendorExtensions>
            <xilinx:parameterInfo>
              <xilinx:parameterUsage>none</xilinx:parameterUsage>
            </xilinx:parameterInfo>
          </spirit:vendorExtensions>
        </spirit:parameter>
        <spirit:parameter>
          <spirit:name>ARUSER_WIDTH</spirit:name>
          <spirit:value spirit:format="long" spirit:resolve="generated" spirit:id="BUSIFPARAM_VALUE.S00_AXI.ARUSER_WIDTH">0</spirit:value>
          <spirit:vendorExtensions>
            <xilinx:parameterInfo>
              <xilinx:parameterUsage>none</xilinx:parameterUsage>
            </xilinx:parameterInfo>
          </spirit:vendorExtensions>
        </spirit:parameter>
        <spirit:parameter>
          <spirit:name>WUSER_WIDTH</spirit:name>
          <spirit:value spirit:format="long" spirit:resolve="generated" spirit:id="BUSIFPARAM_VALUE.S00_AXI.WUSER_WIDTH">0</spirit:value>
          <spirit:vendorExtensions>
            <xilinx:parameterInfo>
              <xilinx:parameterUsage>none</xilinx:parameterUsage>
            </xilinx:parameterInfo>
          </spirit:vendorExtensions>
        </spirit:parameter>
        <spirit:parameter>
          <spirit:name>RUSER_WIDTH</spirit:name>
          <spirit:value spirit:format="long" spirit:resolve="generated" spirit:id="BUSIFPARAM_VALUE.S00_AXI.RUSER_WIDTH">0</spirit:value>
          <spirit:vendorExtensions>
            <xilinx:parameterInfo>
              <xilinx:parameterUsage>none</xilinx:parameterUsage>
            </xilinx:parameterInfo>
          </spirit:vendorExtensions>
        </spirit:parameter>
        <spirit:parameter>
          <spirit:name>BUSER_WIDTH</spirit:name>
          <spirit:value spirit:format="long" spirit:resolve="generated" spirit:id="BUSIFPARAM_VALUE.S00_AXI.BUSER_WIDTH">0</spirit:value>
          <spirit:vendorExtensions>
            <xilinx:parameterInfo>
              <xilinx:parameterUsage>none</xilinx:parameterUsage>
            </xilinx:parameterInfo>
          </spirit:vendorExtensions>
        </spirit:parameter>
        <spirit:parameter>
          <spirit:name>READ_WRITE_MODE</spirit:name>
          <spirit:value spirit:resolve="generated" spirit:id="BUSIFPARAM_VALUE.S00_AXI.READ_WRITE_MODE">READ_WRITE</spirit:value>
          <spirit:vendorExtensions>
            <xilinx:parameterInfo>
              <xilinx:parameterUsage>none</xilinx:parameterUsage>
            </xilinx:parameterInfo>
          </spirit:vendorExtensions>
        </spirit:parameter>
        <spirit:parameter>
          <spirit:name>HAS_BURST</spirit:name>
          <spirit:value spirit:format="long" spirit:resolve="generated" spirit:id="BUSIFPARAM_VALUE.S00_AXI.HAS_BURST">0</spirit:value>
          <spirit:vendorExtensions>
            <xilinx:parameterInfo>
              <xilinx:parameterUsage>none</xilinx:parameterUsage>
            </xilinx:parameterInfo>
          </spirit:vendorExtensions>
        </spirit:parameter>
        <spirit:parameter>
          <spirit:name>HAS_LOCK</spirit:name>
          <spirit:value spirit:format="long" spirit:resolve="generated" spirit:id="BUSIFPARAM_VALUE.S00_AXI.HAS_LOCK">0</spirit:value>
          <spirit:vendorExtensions>
            <xilinx:parameterInfo>
              <xilinx:parameterUsage>none</xilinx:parameterUsage>
            </xilinx:parameterInfo>
          </spirit:vendorExtensions>
        </spirit:parameter>
        <spirit:parameter>
          <spirit:name>HAS_PROT</spirit:name>
          <spirit:value spirit:format="long" spirit:resolve="generated" spirit:id="BUSIFPARAM_VALUE.S00_AXI.HAS_PROT">1</spirit:value>
          <spirit:vendorExtensions>
            <xilinx:parameterInfo>
              <xilinx:parameterUsage>none</xilinx:parameterUsage>
            </xilinx:parameterInfo>
          </spirit:vendorExtensions>
        </spirit:parameter>
        <spirit:parameter>
          <spirit:name>HAS_CACHE</spirit:name>
          <spirit:value spirit:format="long" spirit:resolve="generated" spirit:id="BUSIFPARAM_VALUE.S00_AXI.HAS_CACHE">0</spirit:value>
          <spirit:vendorExtensions>
            <xilinx:parameterInfo>
              <xilinx:parameterUsage>none</xilinx:parameterUsage>
            </xilinx:parameterInfo>
          </spirit:vendorExtensions>
        </spirit:parameter>
        <spirit:parameter>
          <spirit:name>HAS_QOS</spirit:name>
          <spirit:value spirit:format="long" spirit:resolve="generated" spirit:id="BUSIFPARAM_VALUE.S00_AXI.HAS_QOS">0</spirit:value>
          <spirit:vendorExtensions>
            <xilinx:parameterInfo>
              <xilinx:parameterUsage>none</xilinx:parameterUsage>
            </xilinx:parameterInfo>
          </spirit:vendorExtensions>
        </spirit:parameter>
        <spirit:parameter>
          <spirit:name>HAS_REGION</spirit:name>
          <spirit:value spirit:format="long" spirit:resolve="generated" spirit:id="BUSIFPARAM_VALUE.S00_AXI.HAS_REGION">0</spirit:value>
          <spirit:vendorExtensions>
            <xilinx:parameterInfo>
              <xilinx:parameterUsage>none</xilinx:parameterUsage>
            </xilinx:parameterInfo>
          </spirit:vendorExtensions>
        </spirit:parameter>
        <spirit:parameter>
          <spirit:name>HAS_WSTRB</spirit:name>
          <spirit:value spirit:format="long" spirit:resolve="generated" spirit:id="BUSIFPARAM_VALUE.S00_AXI.HAS_WSTRB">1</spirit:value>
          <spirit:vendorExtensions>
            <xilinx:parameterInfo>
              <xilinx:parameterUsage>none</xilinx:parameterUsage>
            </xilinx:parameterInfo>
          </spirit:vendorExtensions>
        </spirit:parameter>
        <spirit:parameter>
          <spirit:name>HAS_BRESP</spirit:name>
          <spirit:value spirit:format="long" spirit:resolve="generated" spirit:id="BUSIFPARAM_VALUE.S00_AXI.HAS_BRESP">1</spirit:value>
          <spirit:vendorExtensions>
            <xilinx:parameterInfo>
              <xilinx:parameterUsage>none</xilinx:parameterUsage>
            </xilinx:parameterInfo>
          </spirit:vendorExtensions>
        </spirit:parameter>
        <spirit:parameter>
          <spirit:name>HAS_RRESP</spirit:name>
          <spirit:value spirit:format="long" spirit:resolve="generated" spirit:id="BUSIFPARAM_VALUE.S00_AXI.HAS_RRESP">1</spirit:value>
          <spirit:vendorExtensions>
            <xilinx:parameterInfo>
              <xilinx:parameterUsage>none</xilinx:parameterUsage>
            </xilinx:parameterInfo>
          </spirit:vendorExtensions>
        </spirit:parameter>
        <spirit:parameter>
          <spirit:name>NUM_READ_OUTSTANDING</spirit:name>
          <spirit:value spirit:format="long" spirit:resolve="generated" spirit:id="BUSIFPARAM_VALUE.S00_AXI.NUM_READ_OUTSTANDING">2</spirit:value>
          <spirit:vendorExtensions>
            <xilinx:parameterInfo>
              <xilinx:parameterUsage>none</xilinx:parameterUsage>
            </xilinx:parameterInfo>
          </spirit:vendorExtensions>
        </spirit:parameter>
        <spirit:parameter>
          <spirit:name>NUM_WRITE_OUTSTANDING</spirit:name>
          <spirit:value spirit:format="long" spirit:resolve="generated" spirit:id="BUSIFPARAM_VALUE.S00_AXI.NUM_WRITE_OUTSTANDING">2</spirit:value>
          <spirit:vendorExtensions>
            <xilinx:parameterInfo>
              <xilinx:parameterUsage>none</xilinx:parameterUsage>
            </xilinx:parameterInfo>
          </spirit:vendorExtensions>
        </spirit:parameter>
        <spirit:parameter>
          <spirit:name>MAX_BURST_LENGTH</spirit:name>
          <spirit:value spirit:format="long" spirit:resolve="generated" spirit:id="BUSIFPARAM_VALUE.S00_AXI.MAX_BURST_LENGTH">1</spirit:value>
          <spirit:vendorExtensions>
            <xilinx:parameterInfo>
              <xilinx:parameterUsage>none</xilinx:parameterUsage>
            </xilinx:parameterInfo>
          </spirit:vendorExtensions>
        </spirit:parameter>
        <spirit:parameter>
          <spirit:name>PHASE</spirit:name>
          <spirit:value spirit:format="float" spirit:resolve="generated" spirit:id="BUSIFPARAM_VALUE.S00_AXI.PHASE">0.0</spirit:value>
          <spirit:vendorExtensions>
            <xilinx:parameterInfo>
              <xilinx:parameterUsage>none</xilinx:parameterUsage>
            </xilinx:parameterInfo>
          </spirit:vendorExtensions>
        </spirit:parameter>
        <spirit:parameter>
          <spirit:name>CLK_DOMAIN</spirit:name>
          <spirit:value spirit:resolve="generated" spirit:id="BUSIFPARAM_VALUE.S00_AXI.CLK_DOMAIN">system_design_processing_system7_0_1_FCLK_CLK0</spirit:value>
          <spirit:vendorExtensions>
            <xilinx:parameterInfo>
              <xilinx:parameterUsage>none</xilinx:parameterUsage>
            </xilinx:parameterInfo>
          </spirit:vendorExtensions>
        </spirit:parameter>
        <spirit:parameter>
          <spirit:name>NUM_READ_THREADS</spirit:name>
          <spirit:value spirit:format="long" spirit:resolve="generated" spirit:id="BUSIFPARAM_VALUE.S00_AXI.NUM_READ_THREADS">1</spirit:value>
          <spirit:vendorExtensions>
            <xilinx:parameterInfo>
              <xilinx:parameterUsage>none</xilinx:parameterUsage>
            </xilinx:parameterInfo>
          </spirit:vendorExtensions>
        </spirit:parameter>
        <spirit:parameter>
          <spirit:name>NUM_WRITE_THREADS</spirit:name>
          <spirit:value spirit:format="long" spirit:resolve="generated" spirit:id="BUSIFPARAM_VALUE.S00_AXI.NUM_WRITE_THREADS">1</spirit:value>
          <spirit:vendorExtensions>
            <xilinx:parameterInfo>
              <xilinx:parameterUsage>none</xilinx:parameterUsage>
            </xilinx:parameterInfo>
          </spirit:vendorExtensions>
        </spirit:parameter>
        <spirit:parameter>
          <spirit:name>RUSER_BITS_PER_BYTE</spirit:name>
          <spirit:value spirit:format="long" spirit:resolve="generated" spirit:id="BUSIFPARAM_VALUE.S00_AXI.RUSER_BITS_PER_BYTE">0</spirit:value>
          <spirit:vendorExtensions>
            <xilinx:parameterInfo>
              <xilinx:parameterUsage>none</xilinx:parameterUsage>
            </xilinx:parameterInfo>
          </spirit:vendorExtensions>
        </spirit:parameter>
        <spirit:parameter>
          <spirit:name>WUSER_BITS_PER_BYTE</spirit:name>
          <spirit:value spirit:format="long" spirit:resolve="generated" spirit:id="BUSIFPARAM_VALUE.S00_AXI.WUSER_BITS_PER_BYTE">0</spirit:value>
          <spirit:vendorExtensions>
            <xilinx:parameterInfo>
              <xilinx:parameterUsage>none</xilinx:parameterUsage>
            </xilinx:parameterInfo>
          </spirit:vendorExtensions>
        </spirit:parameter>
        <spirit:parameter>
          <spirit:name>INSERT_VIP</spirit:name>
          <spirit:value spirit:format="long" spirit:resolve="user" spirit:id="BUSIFPARAM_VALUE.S00_AXI.INSERT_VIP">0</spirit:value>
          <spirit:vendorExtensions>
            <xilinx:parameterInfo>
              <xilinx:parameterUsage>simulation.rtl</xilinx:parameterUsage>
            </xilinx:parameterInfo>
          </spirit:vendorExtensions>
        </spirit:parameter>
      </spirit:parameters>
    </spirit:busInterface>
    <spirit:busInterface>
      <spirit:name>S00_AXI_RST</spirit:name>
      <spirit:busType spirit:vendor="xilinx.com" spirit:library="signal" spirit:name="reset" spirit:version="1.0"/>
      <spirit:abstractionType spirit:vendor="xilinx.com" spirit:library="signal" spirit:name="reset_rtl" spirit:version="1.0"/>
      <spirit:slave/>
      <spirit:portMaps>
        <spirit:portMap>
          <spirit:logicalPort>
            <spirit:name>RST</spirit:name>
          </spirit:logicalPort>
          <spirit:physicalPort>
            <spirit:name>s00_axi_aresetn</spirit:name>
          </spirit:physicalPort>
        </spirit:portMap>
      </spirit:portMaps>
      <spirit:parameters>
        <spirit:parameter>
          <spirit:name>POLARITY</spirit:name>
          <spirit:value spirit:id="BUSIFPARAM_VALUE.S00_AXI_RST.POLARITY" spirit:choiceRef="choice_list_9d8b0d81">ACTIVE_LOW</spirit:value>
        </spirit:parameter>
        <spirit:parameter>
          <spirit:name>INSERT_VIP</spirit:name>
          <spirit:value spirit:format="long" spirit:resolve="user" spirit:id="BUSIFPARAM_VALUE.S00_AXI_RST.INSERT_VIP">0</spirit:value>
          <spirit:vendorExtensions>
            <xilinx:parameterInfo>
              <xilinx:parameterUsage>simulation.rtl</xilinx:parameterUsage>
            </xilinx:parameterInfo>
          </spirit:vendorExtensions>
        </spirit:parameter>
      </spirit:parameters>
    </spirit:busInterface>
    <spirit:busInterface>
      <spirit:name>S00_AXI_CLK</spirit:name>
      <spirit:busType spirit:vendor="xilinx.com" spirit:library="signal" spirit:name="clock" spirit:version="1.0"/>
      <spirit:abstractionType spirit:vendor="xilinx.com" spirit:library="signal" spirit:name="clock_rtl" spirit:version="1.0"/>
      <spirit:slave/>
      <spirit:portMaps>
        <spirit:portMap>
          <spirit:logicalPort>
            <spirit:name>CLK</spirit:name>
          </spirit:logicalPort>
          <spirit:physicalPort>
            <spirit:name>s00_axi_aclk</spirit:name>
          </spirit:physicalPort>
        </spirit:portMap>
      </spirit:portMaps>
      <spirit:parameters>
        <spirit:parameter>
          <spirit:name>ASSOCIATED_BUSIF</spirit:name>
          <spirit:value spirit:id="BUSIFPARAM_VALUE.S00_AXI_CLK.ASSOCIATED_BUSIF">S00_AXI</spirit:value>
        </spirit:parameter>
        <spirit:parameter>
          <spirit:name>ASSOCIATED_RESET</spirit:name>
          <spirit:value spirit:id="BUSIFPARAM_VALUE.S00_AXI_CLK.ASSOCIATED_RESET">s00_axi_aresetn</spirit:value>
        </spirit:parameter>
        <spirit:parameter>
          <spirit:name>FREQ_HZ</spirit:name>
          <spirit:value spirit:format="long" spirit:resolve="generated" spirit:id="BUSIFPARAM_VALUE.S00_AXI_CLK.FREQ_HZ">100000000</spirit:value>
          <spirit:vendorExtensions>
            <xilinx:parameterInfo>
              <xilinx:parameterUsage>none</xilinx:parameterUsage>
            </xilinx:parameterInfo>
          </spirit:vendorExtensions>
        </spirit:parameter>
        <spirit:parameter>
          <spirit:name>FREQ_TOLERANCE_HZ</spirit:name>
          <spirit:value spirit:format="long" spirit:resolve="generated" spirit:id="BUSIFPARAM_VALUE.S00_AXI_CLK.FREQ_TOLERANCE_HZ">0</spirit:value>
          <spirit:vendorExtensions>
            <xilinx:parameterInfo>
              <xilinx:parameterUsage>none</xilinx:parameterUsage>
            </xilinx:parameterInfo>
          </spirit:vendorExtensions>
        </spirit:parameter>
        <spirit:parameter>
          <spirit:name>PHASE</spirit:name>
          <spirit:value spirit:format="float" spirit:resolve="generated" spirit:id="BUSIFPARAM_VALUE.S00_AXI_CLK.PHASE">0.0</spirit:value>
          <spirit:vendorExtensions>
            <xilinx:parameterInfo>
              <xilinx:parameterUsage>none</xilinx:parameterUsage>
            </xilinx:parameterInfo>
          </spirit:vendorExtensions>
        </spirit:parameter>
        <spirit:parameter>
          <spirit:name>CLK_DOMAIN</spirit:name>
          <spirit:value spirit:resolve="generated" spirit:id="BUSIFPARAM_VALUE.S00_AXI_CLK.CLK_DOMAIN">system_design_processing_system7_0_1_FCLK_CLK0</spirit:value>
          <spirit:vendorExtensions>
            <xilinx:parameterInfo>
              <xilinx:parameterUsage>none</xilinx:parameterUsage>
            </xilinx:parameterInfo>
          </spirit:vendorExtensions>
        </spirit:parameter>
        <spirit:parameter>
          <spirit:name>INSERT_VIP</spirit:name>
          <spirit:value spirit:format="long" spirit:resolve="user" spirit:id="BUSIFPARAM_VALUE.S00_AXI_CLK.INSERT_VIP">0</spirit:value>
          <spirit:vendorExtensions>
            <xilinx:parameterInfo>
              <xilinx:parameterUsage>simulation.rtl</xilinx:parameterUsage>
            </xilinx:parameterInfo>
          </spirit:vendorExtensions>
        </spirit:parameter>
      </spirit:parameters>
    </spirit:busInterface>
  </spirit:busInterfaces>
  <spirit:memoryMaps>
    <spirit:memoryMap>
      <spirit:name>S00_AXI</spirit:name>
      <spirit:addressBlock>
        <spirit:name>S00_AXI_reg</spirit:name>
        <spirit:baseAddress spirit:format="long" spirit:resolve="user">0</spirit:baseAddress>
        <spirit:range spirit:format="long">4096</spirit:range>
        <spirit:width spirit:format="long">32</spirit:width>
        <spirit:usage>register</spirit:usage>
        <spirit:parameters>
          <spirit:parameter>
            <spirit:name>OFFSET_BASE_PARAM</spirit:name>
            <spirit:value spirit:id="ADDRBLOCKPARAM_VALUE.S00_AXI.S00_AXI_REG.OFFSET_BASE_PARAM">C_S00_AXI_BASEADDR</spirit:value>
          </spirit:parameter>
          <spirit:parameter>
            <spirit:name>OFFSET_HIGH_PARAM</spirit:name>
            <spirit:value spirit:id="ADDRBLOCKPARAM_VALUE.S00_AXI.S00_AXI_REG.OFFSET_HIGH_PARAM">C_S00_AXI_HIGHADDR</spirit:value>
          </spirit:parameter>
        </spirit:parameters>
      </spirit:addressBlock>
    </spirit:memoryMap>
  </spirit:memoryMaps>
  <spirit:model>
    <spirit:views>
      <spirit:view>
        <spirit:name>xilinx_verilogsynthesis</spirit:name>
        <spirit:displayName>Verilog Synthesis</spirit:displayName>
        <spirit:envIdentifier>verilogSource:vivado.xilinx.com:synthesis</spirit:envIdentifier>
        <spirit:language>verilog</spirit:language>
        <spirit:modelName>fm_ctrl_v1_0</spirit:modelName>
        <spirit:fileSetRef>
          <spirit:localName>xilinx_verilogsynthesis_view_fileset</spirit:localName>
        </spirit:fileSetRef>
        <spirit:parameters>
          <spirit:parameter>
            <spirit:name>GENtimestamp</spirit:name>
            <spirit:value>Mon Jan 12 11:01:22 UTC 2026</spirit:value>
          </spirit:parameter>
          <spirit:parameter>
            <spirit:name>outputProductCRC</spirit:name>
            <spirit:value>9:edfa603d</spirit:value>
          </spirit:parameter>
        </spirit:parameters>
      </spirit:view>
      <spirit:view>
        <spirit:name>xilinx_synthesisconstraints</spirit:name>
        <spirit:displayName>Synthesis Constraints</spirit:displayName>
        <spirit:envIdentifier>:vivado.xilinx.com:synthesis.constraints</spirit:envIdentifier>
        <spirit:parameters>
          <spirit:parameter>
            <spirit:name>outputProductCRC</spirit:name>
            <spirit:value>9:edfa603d</spirit:value>
          </spirit:parameter>
        </spirit:parameters>
      </spirit:view>
      <spirit:view>
        <spirit:name>xilinx_verilogsynthesiswrapper</spirit:name>
        <spirit:displayName>Verilog Synthesis Wrapper</spirit:displayName>
        <spirit:envIdentifier>verilogSource:vivado.xilinx.com:synthesis.wrapper</spirit:envIdentifier>
        <spirit:language>verilog</spirit:language>
        <spirit:modelName>system_design_fm_ctrl_0_3</spirit:modelName>
        <spirit:fileSetRef>
          <spirit:localName>xilinx_verilogsynthesiswrapper_view_fileset</spirit:localName>
        </spirit:fileSetRef>
        <spirit:parameters>
          <spirit:parameter>
            <spirit:name>GENtimestamp</spirit:name>
            <spirit:value>Mon Jan 12 11:01:22 UTC 2026</spirit:value>
          </spirit:parameter>
          <spirit:parameter>
            <spirit:name>outputProductCRC</spirit:name>
            <spirit:value>9:edfa603d</spirit:value>
          </spirit:parameter>
        </spirit:parameters>
      </spirit:view>
      <spirit:view>
        <spirit:name>xilinx_verilogbehavioralsimulation</spirit:name>
        <spirit:displayName>Verilog Simulation</spirit:displayName>
        <spirit:envIdentifier>verilogSource:vivado.xilinx.com:simulation</spirit:envIdentifier>
        <spirit:language>verilog</spirit:language>
        <spirit:modelName>fm_ctrl_v1_0</spirit:modelName>
        <spirit:fileSetRef>
          <spirit:localName>xilinx_verilogbehavioralsimulation_view_fileset</spirit:localName>
        </spirit:fileSetRef>
        <spirit:parameters>
          <spirit:parameter>
            <spirit:name>GENtimestamp</spirit:name>
            <spirit:value>Mon Jan 12 11:01:22 UTC 2026</spirit:value>
          </spirit:parameter>
          <spirit:parameter>
            <spirit:name>outputProductCRC</spirit:name>
            <spirit:value>9:9ee6a681</spirit:value>
          </spirit:parameter>
        </spirit:parameters>
      </spirit:view>
      <spirit:view>
        <spirit:name>xilinx_verilogsimulationwrapper</spirit:name>
        <spirit:displayName>Verilog Simulation Wrapper</spirit:displayName>
        <spirit:envIdentifier>verilogSource:vivado.xilinx.com:simulation.wrapper</spirit:envIdentifier>
        <spirit:language>verilog</spirit:language>
        <spirit:modelName>system_design_fm_ctrl_0_3</spirit:modelName>
        <spirit:fileSetRef>
          <spirit:localName>xilinx_verilogsimulationwrapper_view_fileset</spirit:localName>
        </spirit:fileSetRef>
        <spirit:parameters>
          <spirit:parameter>
            <spirit:name>GENtimestamp</spirit:name>
            <spirit:value>Mon Jan 12 11:01:22 UTC 2026</spirit:value>
          </spirit:parameter>
          <spirit:parameter>
            <spirit:name>outputProductCRC</spirit:name>
            <spirit:value>9:9ee6a681</spirit:value>
          </spirit:parameter>
        </spirit:parameters>
      </spirit:view>
      <spirit:view>
        <spirit:name>xilinx_softwaredriver</spirit:name>
        <spirit:displayName>Software Driver</spirit:displayName>
        <spirit:envIdentifier>:vivado.xilinx.com:sw.driver</spirit:envIdentifier>
        <spirit:fileSetRef>
          <spirit:localName>xilinx_softwaredriver_view_fileset</spirit:localName>
        </spirit:fileSetRef>
        <spirit:parameters>
          <spirit:parameter>
            <spirit:name>GENtimestamp</spirit:name>
            <spirit:value>Mon Jan 12 11:01:22 UTC 2026</spirit:value>
          </spirit:parameter>
          <spirit:parameter>
            <spirit:name>outputProductCRC</spirit:name>
            <spirit:value>9:edfa603d</spirit:value>
          </spirit:parameter>
        </spirit:parameters>
      </spirit:view>
      <spirit:view>
        <spirit:name>xilinx_externalfiles</spirit:name>
        <spirit:displayName>External Files</spirit:displayName>
        <spirit:envIdentifier>:vivado.xilinx.com:external.files</spirit:envIdentifier>
        <spirit:fileSetRef>
          <spirit:localName>xilinx_externalfiles_view_fileset</spirit:localName>
        </spirit:fileSetRef>
        <spirit:parameters>
          <spirit:parameter>
            <spirit:name>GENtimestamp</spirit:name>
            <spirit:value>Mon Jan 12 11:02:38 UTC 2026</spirit:value>
          </spirit:parameter>
          <spirit:parameter>
            <spirit:name>outputProductCRC</spirit:name>
            <spirit:value>9:edfa603d</spirit:value>
          </spirit:parameter>
        </spirit:parameters>
      </spirit:view>
    </spirit:views>
    <spirit:ports>
      <spirit:port>
        <spirit:name>mod1_ftw</spirit:name>
        <spirit:wire>
          <spirit:direction>out</spirit:direction>
          <spirit:vector>
            <spirit:left spirit:format="long">31</spirit:left>
            <spirit:right spirit:format="long">0</spirit:right>
          </spirit:vector>
          <spirit:wireTypeDefs>
            <spirit:wireTypeDef>
              <spirit:typeName>wire</spirit:typeName>
              <spirit:viewNameRef>xilinx_verilogsynthesis</spirit:viewNameRef>
              <spirit:viewNameRef>xilinx_verilogbehavioralsimulation</spirit:viewNameRef>
            </spirit:wireTypeDef>
          </spirit:wireTypeDefs>
        </spirit:wire>
      </spirit:port>
      <spirit:port>
        <spirit:name>mod1_tx_en</spirit:name>
        <spirit:wire>
          <spirit:direction>out</spirit:direction>
          <spirit:wireTypeDefs>
            <spirit:wireTypeDef>
              <spirit:typeName>wire</spirit:typeName>
              <spirit:viewNameRef>xilinx_verilogsynthesis</spirit:viewNameRef>
              <spirit:viewNameRef>xilinx_verilogbehavioralsimulation</spirit:viewNameRef>
            </spirit:wireTypeDef>
          </spirit:wireTypeDefs>
        </spirit:wire>
      </spirit:port>
      <spirit:port>
        <spirit:name>mod1_stereo_en</spirit:name>
        <spirit:wire>
          <spirit:direction>out</spirit:direction>
          <spirit:wireTypeDefs>
            <spirit:wireTypeDef>
              <spirit:typeName>wire</spirit:typeName>
              <spirit:viewNameRef>xilinx_verilogsynthesis</spirit:viewNameRef>
              <spirit:viewNameRef>xilinx_verilogbehavioralsimulation</spirit:viewNameRef>
            </spirit:wireTypeDef>
          </spirit:wireTypeDefs>
        </spirit:wire>
      </spirit:port>
      <spirit:port>
        <spirit:name>mod1_rds_en</spirit:name>
        <spirit:wire>
          <spirit:direction>out</spirit:direction>
          <spirit:wireTypeDefs>
            <spirit:wireTypeDef>
              <spirit:typeName>wire</spirit:typeName>
              <spirit:viewNameRef>xilinx_verilogsynthesis</spirit:viewNameRef>
              <spirit:viewNameRef>xilinx_verilogbehavioralsimulation</spirit:viewNameRef>
            </spirit:wireTypeDef>
          </spirit:wireTypeDefs>
        </spirit:wire>
      </spirit:port>
      <spirit:port>
        <spirit:name>mod1_preemph</spirit:name>
        <spirit:wire>
          <spirit:direction>out</spirit:direction>
          <spirit:vector>
            <spirit:left spirit:format="long">1</spirit:left>
            <spirit:right spirit:format="long">0</spirit:right>
          </spirit:vector>
          <spirit:wireTypeDefs>
            <spirit:wireTypeDef>
              <spirit:typeName>wire</spirit:typeName>
              <spirit:viewNameRef>xilinx_verilogsynthesis</spirit:viewNameRef>
              <spirit:viewNameRef>xilinx_verilogbehavioralsimulation</spirit:viewNameRef>
            </spirit:wireTypeDef>
          </spirit:wireTypeDefs>
        </spirit:wire>
      </spirit:port>
      <spirit:port>
        <spirit:name>mod1_audio_mute</spirit:name>
        <spirit:wire>
          <spirit:direction>out</spirit:direction>
          <spirit:wireTypeDefs>
            <spirit:wireTypeDef>
              <spirit:typeName>wire</spirit:typeName>
              <spirit:viewNameRef>xilinx_verilogsynthesis</spirit:viewNameRef>
              <spirit:viewNameRef>xilinx_verilogbehavioralsimulation</spirit:viewNameRef>
            </spirit:wireTypeDef>
          </spirit:wireTypeDefs>
        </spirit:wire>
      </spirit:port>
      <spirit:port>
        <spirit:name>mod1_mpxlvl</spirit:name>
        <spirit:wire>
          <spirit:direction>in</spirit:direction>
          <spirit:vector>
            <spirit:left spirit:format="long">23</spirit:left>
            <spirit:right spirit:format="long">0</spirit:right>
          </spirit:vector>
          <spirit:wireTypeDefs>
            <spirit:wireTypeDef>
              <spirit:typeName>wire</spirit:typeName>
              <spirit:viewNameRef>xilinx_verilogsynthesis</spirit:viewNameRef>
              <spirit:viewNameRef>xilinx_verilogbehavioralsimulation</spirit:viewNameRef>
            </spirit:wireTypeDef>
          </spirit:wireTypeDefs>
        </spirit:wire>
      </spirit:port>
      <spirit:port>
        <spirit:name>mod1_left</spirit:name>
        <spirit:wire>
          <spirit:direction>in</spirit:direction>
          <spirit:vector>
            <spirit:left spirit:format="long">15</spirit:left>
            <spirit:right spirit:format="long">0</spirit:right>
          </spirit:vector>
          <spirit:wireTypeDefs>
            <spirit:wireTypeDef>
              <spirit:typeName>wire</spirit:typeName>
              <spirit:viewNameRef>xilinx_verilogsynthesis</spirit:viewNameRef>
              <spirit:viewNameRef>xilinx_verilogbehavioralsimulation</spirit:viewNameRef>
            </spirit:wireTypeDef>
          </spirit:wireTypeDefs>
        </spirit:wire>
      </spirit:port>
      <spirit:port>
        <spirit:name>mod1_right</spirit:name>
        <spirit:wire>
          <spirit:direction>in</spirit:direction>
          <spirit:vector>
            <spirit:left spirit:format="long">15</spirit:left>
            <spirit:right spirit:format="long">0</spirit:right>
          </spirit:vector>
          <spirit:wireTypeDefs>
            <spirit:wireTypeDef>
              <spirit:typeName>wire</spirit:typeName>
              <spirit:viewNameRef>xilinx_verilogsynthesis</spirit:viewNameRef>
              <spirit:viewNameRef>xilinx_verilogbehavioralsimulation</spirit:viewNameRef>
            </spirit:wireTypeDef>
          </spirit:wireTypeDefs>
        </spirit:wire>
      </spirit:port>
      <spirit:port>
        <spirit:name>mod1_overmod</spirit:name>
        <spirit:wire>
          <spirit:direction>in</spirit:direction>
          <spirit:wireTypeDefs>
            <spirit:wireTypeDef>
              <spirit:typeName>wire</spirit:typeName>
              <spirit:viewNameRef>xilinx_verilogsynthesis</spirit:viewNameRef>
              <spirit:viewNameRef>xilinx_verilogbehavioralsimulation</spirit:viewNameRef>
            </spirit:wireTypeDef>
          </spirit:wireTypeDefs>
        </spirit:wire>
      </spirit:port>
      <spirit:port>
        <spirit:name>s00_axi_aclk</spirit:name>
        <spirit:wire>
          <spirit:direction>in</spirit:direction>
          <spirit:wireTypeDefs>
            <spirit:wireTypeDef>
              <spirit:typeName>wire</spirit:typeName>
              <spirit:viewNameRef>xilinx_verilogsynthesis</spirit:viewNameRef>
              <spirit:viewNameRef>xilinx_verilogbehavioralsimulation</spirit:viewNameRef>
            </spirit:wireTypeDef>
          </spirit:wireTypeDefs>
        </spirit:wire>
      </spirit:port>
      <spirit:port>
        <spirit:name>s00_axi_aresetn</spirit:name>
        <spirit:wire>
          <spirit:direction>in</spirit:direction>
          <spirit:wireTypeDefs>
            <spirit:wireTypeDef>
              <spirit:typeName>wire</spirit:typeName>
              <spirit:viewNameRef>xilinx_verilogsynthesis</spirit:viewNameRef>
              <spirit:viewNameRef>xilinx_verilogbehavioralsimulation</spirit:viewNameRef>
            </spirit:wireTypeDef>
          </spirit:wireTypeDefs>
        </spirit:wire>
      </spirit:port>
      <spirit:port>
        <spirit:name>s00_axi_awaddr</spirit:name>
        <spirit:wire>
          <spirit:direction>in</spirit:direction>
          <spirit:vector>
            <spirit:left spirit:format="long" spirit:resolve="dependent" spirit:dependency="(spirit:decode(id(&apos;MODELPARAM_VALUE.C_S00_AXI_ADDR_WIDTH&apos;)) - 1)">7</spirit:left>
            <spirit:right spirit:format="long">0</spirit:right>
          </spirit:vector>
          <spirit:wireTypeDefs>
            <spirit:wireTypeDef>
              <spirit:typeName>wire</spirit:typeName>
              <spirit:viewNameRef>xilinx_verilogsynthesis</spirit:viewNameRef>
              <spirit:viewNameRef>xilinx_verilogbehavioralsimulation</spirit:viewNameRef>
            </spirit:wireTypeDef>
          </spirit:wireTypeDefs>
        </spirit:wire>
      </spirit:port>
      <spirit:port>
        <spirit:name>s00_axi_awprot</spirit:name>
        <spirit:wire>
          <spirit:direction>in</spirit:direction>
          <spirit:vector>
            <spirit:left spirit:format="long">2</spirit:left>
            <spirit:right spirit:format="long">0</spirit:right>
          </spirit:vector>
          <spirit:wireTypeDefs>
            <spirit:wireTypeDef>
              <spirit:typeName>wire</spirit:typeName>
              <spirit:viewNameRef>xilinx_verilogsynthesis</spirit:viewNameRef>
              <spirit:viewNameRef>xilinx_verilogbehavioralsimulation</spirit:viewNameRef>
            </spirit:wireTypeDef>
          </spirit:wireTypeDefs>
        </spirit:wire>
      </spirit:port>
      <spirit:port>
        <spirit:name>s00_axi_awvalid</spirit:name>
        <spirit:wire>
          <spirit:direction>in</spirit:direction>
          <spirit:wireTypeDefs>
            <spirit:wireTypeDef>
              <spirit:typeName>wire</spirit:typeName>
              <spirit:viewNameRef>xilinx_verilogsynthesis</spirit:viewNameRef>
              <spirit:viewNameRef>xilinx_verilogbehavioralsimulation</spirit:viewNameRef>
            </spirit:wireTypeDef>
          </spirit:wireTypeDefs>
        </spirit:wire>
      </spirit:port>
      <spirit:port>
        <spirit:name>s00_axi_awready</spirit:name>
        <spirit:wire>
          <spirit:direction>out</spirit:direction>
          <spirit:wireTypeDefs>
            <spirit:wireTypeDef>
              <spirit:typeName>wire</spirit:typeName>
              <spirit:viewNameRef>xilinx_verilogsynthesis</spirit:viewNameRef>
              <spirit:viewNameRef>xilinx_verilogbehavioralsimulation</spirit:viewNameRef>
            </spirit:wireTypeDef>
          </spirit:wireTypeDefs>
        </spirit:wire>
      </spirit:port>
      <spirit:port>
        <spirit:name>s00_axi_wdata</spirit:name>
        <spirit:wire>
          <spirit:direction>in</spirit:direction>
          <spirit:vector>
            <spirit:left spirit:format="long" spirit:resolve="dependent" spirit:dependency="(spirit:decode(id(&apos;MODELPARAM_VALUE.C_S00_AXI_DATA_WIDTH&apos;)) - 1)">31</spirit:left>
            <spirit:right spirit:format="long">0</spirit:right>
          </spirit:vector>
          <spirit:wireTypeDefs>
            <spirit:wireTypeDef>
              <spirit:typeName>wire</spirit:typeName>
              <spirit:viewNameRef>xilinx_verilogsynthesis</spirit:viewNameRef>
              <spirit:viewNameRef>xilinx_verilogbehavioralsimulation</spirit:viewNameRef>
            </spirit:wireTypeDef>
          </spirit:wireTypeDefs>
        </spirit:wire>
      </spirit:port>
      <spirit:port>
        <spirit:name>s00_axi_wstrb</spirit:name>
        <spirit:wire>
          <spirit:direction>in</spirit:direction>
          <spirit:vector>
            <spirit:left spirit:format="long" spirit:resolve="dependent" spirit:dependency="((spirit:decode(id(&apos;MODELPARAM_VALUE.C_S00_AXI_DATA_WIDTH&apos;)) / 8) - 1)">3</spirit:left>
            <spirit:right spirit:format="long">0</spirit:right>
          </spirit:vector>
          <spirit:wireTypeDefs>
            <spirit:wireTypeDef>
              <spirit:typeName>wire</spirit:typeName>
              <spirit:viewNameRef>xilinx_verilogsynthesis</spirit:viewNameRef>
              <spirit:viewNameRef>xilinx_verilogbehavioralsimulation</spirit:viewNameRef>
            </spirit:wireTypeDef>
          </spirit:wireTypeDefs>
        </spirit:wire>
      </spirit:port>
      <spirit:port>
        <spirit:name>s00_axi_wvalid</spirit:name>
        <spirit:wire>
          <spirit:direction>in</spirit:direction>
          <spirit:wireTypeDefs>
            <spirit:wireTypeDef>
              <spirit:typeName>wire</spirit:typeName>
              <spirit:viewNameRef>xilinx_verilogsynthesis</spirit:viewNameRef>
              <spirit:viewNameRef>xilinx_verilogbehavioralsimulation</spirit:viewNameRef>
            </spirit:wireTypeDef>
          </spirit:wireTypeDefs>
        </spirit:wire>
      </spirit:port>
      <spirit:port>
        <spirit:name>s00_axi_wready</spirit:name>
        <spirit:wire>
          <spirit:direction>out</spirit:direction>
          <spirit:wireTypeDefs>
            <spirit:wireTypeDef>
              <spirit:typeName>wire</spirit:typeName>
              <spirit:viewNameRef>xilinx_verilogsynthesis</spirit:viewNameRef>
              <spirit:viewNameRef>xilinx_verilogbehavioralsimulation</spirit:viewNameRef>
            </spirit:wireTypeDef>
          </spirit:wireTypeDefs>
        </spirit:wire>
      </spirit:port>
      <spirit:port>
        <spirit:name>s00_axi_bresp</spirit:name>
        <spirit:wire>
          <spirit:direction>out</spirit:direction>
          <spirit:vector>
            <spirit:left spirit:format="long">1</spirit:left>
            <spirit:right spirit:format="long">0</spirit:right>
          </spirit:vector>
          <spirit:wireTypeDefs>
            <spirit:wireTypeDef>
              <spirit:typeName>wire</spirit:typeName>
              <spirit:viewNameRef>xilinx_verilogsynthesis</spirit:viewNameRef>
              <spirit:viewNameRef>xilinx_verilogbehavioralsimulation</spirit:viewNameRef>
            </spirit:wireTypeDef>
          </spirit:wireTypeDefs>
        </spirit:wire>
      </spirit:port>
      <spirit:port>
        <spirit:name>s00_axi_bvalid</spirit:name>
        <spirit:wire>
          <spirit:direction>out</spirit:direction>
          <spirit:wireTypeDefs>
            <spirit:wireTypeDef>
              <spirit:typeName>wire</spirit:typeName>
              <spirit:viewNameRef>xilinx_verilogsynthesis</spirit:viewNameRef>
              <spirit:viewNameRef>xilinx_verilogbehavioralsimulation</spirit:viewNameRef>
            </spirit:wireTypeDef>
          </spirit:wireTypeDefs>
        </spirit:wire>
      </spirit:port>
      <spirit:port>
        <spirit:name>s00_axi_bready</spirit:name>
        <spirit:wire>
          <spirit:direction>in</spirit:direction>
          <spirit:wireTypeDefs>
            <spirit:wireTypeDef>
              <spirit:typeName>wire</spirit:typeName>
              <spirit:viewNameRef>xilinx_verilogsynthesis</spirit:viewNameRef>
              <spirit:viewNameRef>xilinx_verilogbehavioralsimulation</spirit:viewNameRef>
            </spirit:wireTypeDef>
          </spirit:wireTypeDefs>
        </spirit:wire>
      </spirit:port>
      <spirit:port>
        <spirit:name>s00_axi_araddr</spirit:name>
        <spirit:wire>
          <spirit:direction>in</spirit:direction>
          <spirit:vector>
            <spirit:left spirit:format="long" spirit:resolve="dependent" spirit:dependency="(spirit:decode(id(&apos;MODELPARAM_VALUE.C_S00_AXI_ADDR_WIDTH&apos;)) - 1)">7</spirit:left>
            <spirit:right spirit:format="long">0</spirit:right>
          </spirit:vector>
          <spirit:wireTypeDefs>
            <spirit:wireTypeDef>
              <spirit:typeName>wire</spirit:typeName>
              <spirit:viewNameRef>xilinx_verilogsynthesis</spirit:viewNameRef>
              <spirit:viewNameRef>xilinx_verilogbehavioralsimulation</spirit:viewNameRef>
            </spirit:wireTypeDef>
          </spirit:wireTypeDefs>
        </spirit:wire>
      </spirit:port>
      <spirit:port>
        <spirit:name>s00_axi_arprot</spirit:name>
        <spirit:wire>
          <spirit:direction>in</spirit:direction>
          <spirit:vector>
            <spirit:left spirit:format="long">2</spirit:left>
            <spirit:right spirit:format="long">0</spirit:right>
          </spirit:vector>
          <spirit:wireTypeDefs>
            <spirit:wireTypeDef>
              <spirit:typeName>wire</spirit:typeName>
              <spirit:viewNameRef>xilinx_verilogsynthesis</spirit:viewNameRef>
              <spirit:viewNameRef>xilinx_verilogbehavioralsimulation</spirit:viewNameRef>
            </spirit:wireTypeDef>
          </spirit:wireTypeDefs>
        </spirit:wire>
      </spirit:port>
      <spirit:port>
        <spirit:name>s00_axi_arvalid</spirit:name>
        <spirit:wire>
          <spirit:direction>in</spirit:direction>
          <spirit:wireTypeDefs>
            <spirit:wireTypeDef>
              <spirit:typeName>wire</spirit:typeName>
              <spirit:viewNameRef>xilinx_verilogsynthesis</spirit:viewNameRef>
              <spirit:viewNameRef>xilinx_verilogbehavioralsimulation</spirit:viewNameRef>
            </spirit:wireTypeDef>
          </spirit:wireTypeDefs>
        </spirit:wire>
      </spirit:port>
      <spirit:port>
        <spirit:name>s00_axi_arready</spirit:name>
        <spirit:wire>
          <spirit:direction>out</spirit:direction>
          <spirit:wireTypeDefs>
            <spirit:wireTypeDef>
              <spirit:typeName>wire</spirit:typeName>
              <spirit:viewNameRef>xilinx_verilogsynthesis</spirit:viewNameRef>
              <spirit:viewNameRef>xilinx_verilogbehavioralsimulation</spirit:viewNameRef>
            </spirit:wireTypeDef>
          </spirit:wireTypeDefs>
        </spirit:wire>
      </spirit:port>
      <spirit:port>
        <spirit:name>s00_axi_rdata</spirit:name>
        <spirit:wire>
          <spirit:direction>out</spirit:direction>
          <spirit:vector>
            <spirit:left spirit:format="long" spirit:resolve="dependent" spirit:dependency="(spirit:decode(id(&apos;MODELPARAM_VALUE.C_S00_AXI_DATA_WIDTH&apos;)) - 1)">31</spirit:left>
            <spirit:right spirit:format="long">0</spirit:right>
          </spirit:vector>
          <spirit:wireTypeDefs>
            <spirit:wireTypeDef>
              <spirit:typeName>wire</spirit:typeName>
              <spirit:viewNameRef>xilinx_verilogsynthesis</spirit:viewNameRef>
              <spirit:viewNameRef>xilinx_verilogbehavioralsimulation</spirit:viewNameRef>
            </spirit:wireTypeDef>
          </spirit:wireTypeDefs>
        </spirit:wire>
      </spirit:port>
      <spirit:port>
        <spirit:name>s00_axi_rresp</spirit:name>
        <spirit:wire>
          <spirit:direction>out</spirit:direction>
          <spirit:vector>
            <spirit:left spirit:format="long">1</spirit:left>
            <spirit:right spirit:format="long">0</spirit:right>
          </spirit:vector>
          <spirit:wireTypeDefs>
            <spirit:wireTypeDef>
              <spirit:typeName>wire</spirit:typeName>
              <spirit:viewNameRef>xilinx_verilogsynthesis</spirit:viewNameRef>
              <spirit:viewNameRef>xilinx_verilogbehavioralsimulation</spirit:viewNameRef>
            </spirit:wireTypeDef>
          </spirit:wireTypeDefs>
        </spirit:wire>
      </spirit:port>
      <spirit:port>
        <spirit:name>s00_axi_rvalid</spirit:name>
        <spirit:wire>
          <spirit:direction>out</spirit:direction>
          <spirit:wireTypeDefs>
            <spirit:wireTypeDef>
              <spirit:typeName>wire</spirit:typeName>
              <spirit:viewNameRef>xilinx_verilogsynthesis</spirit:viewNameRef>
              <spirit:viewNameRef>xilinx_verilogbehavioralsimulation</spirit:viewNameRef>
            </spirit:wireTypeDef>
          </spirit:wireTypeDefs>
        </spirit:wire>
      </spirit:port>
      <spirit:port>
        <spirit:name>s00_axi_rready</spirit:name>
        <spirit:wire>
          <spirit:direction>in</spirit:direction>
          <spirit:wireTypeDefs>
            <spirit:wireTypeDef>
              <spirit:typeName>wire</spirit:typeName>
              <spirit:viewNameRef>xilinx_verilogsynthesis</spirit:viewNameRef>
              <spirit:viewNameRef>xilinx_verilogbehavioralsimulation</spirit:viewNameRef>
            </spirit:wireTypeDef>
          </spirit:wireTypeDefs>
        </spirit:wire>
      </spirit:port>
    </spirit:ports>
    <spirit:modelParameters>
      <spirit:modelParameter xsi:type="spirit:nameValueTypeType" spirit:dataType="integer">
        <spirit:name>C_S00_AXI_DATA_WIDTH</spirit:name>
        <spirit:displayName>C S00 AXI DATA WIDTH</spirit:displayName>
        <spirit:description>Width of S_AXI data bus</spirit:description>
        <spirit:value spirit:format="long" spirit:resolve="generated" spirit:id="MODELPARAM_VALUE.C_S00_AXI_DATA_WIDTH" spirit:order="3" spirit:rangeType="long">32</spirit:value>
      </spirit:modelParameter>
      <spirit:modelParameter spirit:dataType="integer">
        <spirit:name>C_S00_AXI_ADDR_WIDTH</spirit:name>
        <spirit:displayName>C S00 AXI ADDR WIDTH</spirit:displayName>
        <spirit:description>Width of S_AXI address bus</spirit:description>
        <spirit:value spirit:format="long" spirit:resolve="generated" spirit:id="MODELPARAM_VALUE.C_S00_AXI_ADDR_WIDTH" spirit:order="4" spirit:rangeType="long">8</spirit:value>
      </spirit:modelParameter>
    </spirit:modelParameters>
  </spirit:model>
  <spirit:choices>
    <spirit:choice>
      <spirit:name>choice_list_6fc15197</spirit:name>
      <spirit:enumeration>32</spirit:enumeration>
    </spirit:choice>
    <spirit:choice>
      <spirit:name>choice_list_9d8b0d81</spirit:name>
      <spirit:enumeration>ACTIVE_HIGH</spirit:enumeration>
      <spirit:enumeration>ACTIVE_LOW</spirit:enumeration>
    </spirit:choice>
    <spirit:choice>
      <spirit:name>choice_pairs_ce1226b1</spirit:name>
      <spirit:enumeration spirit:text="true">1</spirit:enumeration>
      <spirit:enumeration spirit:text="false">0</spirit:enumeration>
    </spirit:choice>
  </spirit:choices>
  <spirit:fileSets>
    <spirit:fileSet>
      <spirit:name>xilinx_verilogsynthesis_view_fileset</spirit:name>
      <spirit:file>
        <spirit:name>../../ipshared/45be/hdl/fm_ctrl_v1_0_S00_AXI.v</spirit:name>
        <spirit:fileType>verilogSource</spirit:fileType>
      </spirit:file>
      <spirit:file>
        <spirit:name>../../ipshared/45be/hdl/fm_ctrl_v1_0.v</spirit:name>
        <spirit:fileType>verilogSource</spirit:fileType>
      </spirit:file>
    </spirit:fileSet>
    <spirit:fileSet>
      <spirit:name>xilinx_verilogsynthesiswrapper_view_fileset</spirit:name>
      <spirit:file>
        <spirit:name>synth/system_design_fm_ctrl_0_3.v</spirit:name>
        <spirit:fileType>verilogSource</spirit:fileType>
        <spirit:logicalName>xil_defaultlib</spirit:logicalName>
      </spirit:file>
    </spirit:fileSet>
    <spirit:fileSet>
      <spirit:name>xilinx_verilogbehavioralsimulation_view_fileset</spirit:name>
      <spirit:file>
        <spirit:name>../../ipshared/45be/hdl/fm_ctrl_v1_0_S00_AXI.v</spirit:name>
        <spirit:fileType>verilogSource</spirit:fileType>
      </spirit:file>
      <spirit:file>
        <spirit:name>../../ipshared/45be/hdl/fm_ctrl_v1_0.v</spirit:name>
        <spirit:fileType>verilogSource</spirit:fileType>
      </spirit:file>
    </spirit:fileSet>
    <spirit:fileSet>
      <spirit:name>xilinx_verilogsimulationwrapper_view_fileset</spirit:name>
      <spirit:file>
        <spirit:name>sim/system_design_fm_ctrl_0_3.v</spirit:name>
        <spirit:fileType>verilogSource</spirit:fileType>
        <spirit:logicalName>xil_defaultlib</spirit:logicalName>
      </spirit:file>
    </spirit:fileSet>
    <spirit:fileSet>
      <spirit:name>xilinx_softwaredriver_view_fileset</spirit:name>
      <spirit:file>
        <spirit:name>drivers/fm_ctrl_v1_0/data/fm_ctrl.mdd</spirit:name>
        <spirit:userFileType>mdd</spirit:userFileType>
      </spirit:file>
      <spirit:file>
        <spirit:name>drivers/fm_ctrl_v1_0/data/fm_ctrl.tcl</spirit:name>
        <spirit:fileType>tclSource</spirit:fileType>
      </spirit:file>
      <spirit:file>
        <spirit:name>drivers/fm_ctrl_v1_0/src/Makefile</spirit:name>
        <spirit:userFileType>driver_src</spirit:userFileType>
      </spirit:file>
      <spirit:file>
        <spirit:name>drivers/fm_ctrl_v1_0/src/fm_ctrl.h</spirit:name>
        <spirit:fileType>cSource</spirit:fileType>
      </spirit:file>
      <spirit:file>
        <spirit:name>drivers/fm_ctrl_v1_0/src/fm_ctrl.c</spirit:name>
        <spirit:fileType>cSource</spirit:fileType>
      </spirit:file>
      <spirit:file>
        <spirit:name>drivers/fm_ctrl_v1_0/src/fm_ctrl_selftest.c</spirit:name>
        <spirit:fileType>cSource</spirit:fileType>
      </spirit:file>
    </spirit:fileSet>
    <spirit:fileSet>
      <spirit:name>xilinx_externalfiles_view_fileset</spirit:name>
      <spirit:file>
        <spirit:name>system_design_fm_ctrl_0_3.dcp</spirit:name>
        <spirit:userFileType>dcp</spirit:userFileType>
        <spirit:userFileType>USED_IN_implementation</spirit:userFileType>
        <spirit:userFileType>USED_IN_synthesis</spirit:userFileType>
        <spirit:logicalName>xil_defaultlib</spirit:logicalName>
      </spirit:file>
      <spirit:file>
        <spirit:name>system_design_fm_ctrl_0_3_stub.v</spirit:name>
        <spirit:fileType>verilogSource</spirit:fileType>
        <spirit:userFileType>USED_IN_synth_blackbox_stub</spirit:userFileType>
        <spirit:logicalName>xil_defaultlib</spirit:logicalName>
      </spirit:file>
      <spirit:file>
        <spirit:name>system_design_fm_ctrl_0_3_stub.vhdl</spirit:name>
        <spirit:fileType>vhdlSource</spirit:fileType>
        <spirit:userFileType>USED_IN_synth_blackbox_stub</spirit:userFileType>
        <spirit:logicalName>xil_defaultlib</spirit:logicalName>
      </spirit:file>
      <spirit:file>
        <spirit:name>system_design_fm_ctrl_0_3_sim_netlist.v</spirit:name>
        <spirit:fileType>verilogSource</spirit:fileType>
        <spirit:userFileType>USED_IN_simulation</spirit:userFileType>
        <spirit:userFileType>USED_IN_single_language</spirit:userFileType>
        <spirit:logicalName>xil_defaultlib</spirit:logicalName>
      </spirit:file>
      <spirit:file>
        <spirit:name>system_design_fm_ctrl_0_3_sim_netlist.vhdl</spirit:name>
        <spirit:fileType>vhdlSource</spirit:fileType>
        <spirit:userFileType>USED_IN_simulation</spirit:userFileType>
        <spirit:userFileType>USED_IN_single_language</spirit:userFileType>
        <spirit:logicalName>xil_defaultlib</spirit:logicalName>
      </spirit:file>
    </spirit:fileSet>
  </spirit:fileSets>
  <spirit:description>Transmitter control registers</spirit:description>
  <spirit:parameters>
    <spirit:parameter>
      <spirit:name>C_S00_AXI_DATA_WIDTH</spirit:name>
      <spirit:displayName>C S00 AXI DATA WIDTH</spirit:displayName>
      <spirit:description>Width of S_AXI data bus</spirit:description>
      <spirit:value spirit:format="long" spirit:resolve="user" spirit:id="PARAM_VALUE.C_S00_AXI_DATA_WIDTH" spirit:choiceRef="choice_list_6fc15197" spirit:order="3">32</spirit:value>
      <spirit:vendorExtensions>
        <xilinx:parameterInfo>
          <xilinx:enablement>
            <xilinx:isEnabled xilinx:id="PARAM_ENABLEMENT.C_S00_AXI_DATA_WIDTH">false</xilinx:isEnabled>
          </xilinx:enablement>
        </xilinx:parameterInfo>
      </spirit:vendorExtensions>
    </spirit:parameter>
    <spirit:parameter>
      <spirit:name>C_S00_AXI_ADDR_WIDTH</spirit:name>
      <spirit:displayName>C S00 AXI ADDR WIDTH</spirit:displayName>
      <spirit:description>Width of S_AXI address bus</spirit:description>
      <spirit:value spirit:format="long" spirit:resolve="user" spirit:id="PARAM_VALUE.C_S00_AXI_ADDR_WIDTH" spirit:order="4" spirit:rangeType="long">8</spirit:value>
      <spirit:vendorExtensions>
        <xilinx:parameterInfo>
          <xilinx:enablement>
            <xilinx:isEnabled xilinx:id="PARAM_ENABLEMENT.C_S00_AXI_ADDR_WIDTH">false</xilinx:isEnabled>
          </xilinx:enablement>
        </xilinx:parameterInfo>
      </spirit:vendorExtensions>
    </spirit:parameter>
    <spirit:parameter>
      <spirit:name>C_S00_AXI_BASEADDR</spirit:name>
      <spirit:displayName>C S00 AXI BASEADDR</spirit:displayName>
      <spirit:value spirit:format="bitString" spirit:resolve="user" spirit:id="PARAM_VALUE.C_S00_AXI_BASEADDR" spirit:order="5" spirit:bitStringLength="32">0xFFFFFFFF</spirit:value>
      <spirit:vendorExtensions>
        <xilinx:parameterInfo>
          <xilinx:enablement>
            <xilinx:isEnabled xilinx:id="PARAM_ENABLEMENT.C_S00_AXI_BASEADDR">false</xilinx:isEnabled>
          </xilinx:enablement>
        </xilinx:parameterInfo>
      </spirit:vendorExtensions>
    </spirit:parameter>
    <spirit:parameter>
      <spirit:name>C_S00_AXI_HIGHADDR</spirit:name>
      <spirit:displayName>C S00 AXI HIGHADDR</spirit:displayName>
      <spirit:value spirit:format="bitString" spirit:resolve="user" spirit:id="PARAM_VALUE.C_S00_AXI_HIGHADDR" spirit:order="6" spirit:bitStringLength="32">0x00000000</spirit:value>
      <spirit:vendorExtensions>
        <xilinx:parameterInfo>
          <xilinx:enablement>
            <xilinx:isEnabled xilinx:id="PARAM_ENABLEMENT.C_S00_AXI_HIGHADDR">false</xilinx:isEnabled>
          </xilinx:enablement>
        </xilinx:parameterInfo>
      </spirit:vendorExtensions>
    </spirit:parameter>
    <spirit:parameter>
      <spirit:name>Component_Name</spirit:name>
      <spirit:value spirit:resolve="user" spirit:id="PARAM_VALUE.Component_Name" spirit:order="1">system_design_fm_ctrl_0_3</spirit:value>
    </spirit:parameter>
  </spirit:parameters>
  <spirit:vendorExtensions>
    <xilinx:coreExtensions>
      <xilinx:displayName>fm_ctrl_v1.1</xilinx:displayName>
      <xilinx:coreRevision>4</xilinx:coreRevision>
      <xilinx:tags>
        <xilinx:tag xilinx:name="ui.data.coregen.df@34ef3e2_ARCHIVE_LOCATION">c:/Xilinx/My_projects/i2s_test-main/AntminerS9_FM_TX/ip_repo/axi_fm_ctrl/fm_ctrl_1.0</xilinx:tag>
        <xilinx:tag xilinx:name="ui.data.coregen.df@4501863f_ARCHIVE_LOCATION">c:/Xilinx/My_projects/i2s_test-main/AntminerS9_FM_TX/ip_repo/axi_fm_ctrl/fm_ctrl_1.0</xilinx:tag>
        <xilinx:tag xilinx:name="ui.data.coregen.df@12ccb966_ARCHIVE_LOCATION">c:/Xilinx/My_projects/i2s_test-main/AntminerS9_FM_TX/ip_repo/axi_fm_ctrl/fm_ctrl_1.0</xilinx:tag>
        <xilinx:tag xilinx:name="ui.data.coregen.df@53ab28fe_ARCHIVE_LOCATION">c:/Xilinx/My_projects/i2s_test-main/AntminerS9_FM_TX/ip_repo/axi_fm_ctrl/fm_ctrl_1.0</xilinx:tag>
        <xilinx:tag xilinx:name="ui.data.coregen.df@38c09319_ARCHIVE_LOCATION">c:/Xilinx/My_projects/i2s_test-main/AntminerS9_FM_TX/ip_repo/axi_fm_ctrl/fm_ctrl_1.0</xilinx:tag>
        <xilinx:tag xilinx:name="ui.data.coregen.df@23131390_ARCHIVE_LOCATION">c:/Xilinx/My_projects/i2s_test-main/AntminerS9_FM_TX/ip_repo/axi_fm_ctrl/fm_ctrl_1.0</xilinx:tag>
        <xilinx:tag xilinx:name="ui.data.coregen.df@38472bd2_ARCHIVE_LOCATION">c:/Xilinx/My_projects/i2s_test-main/AntminerS9_FM_TX/ip_repo/axi_fm_ctrl/fm_ctrl_1.0</xilinx:tag>
        <xilinx:tag xilinx:name="ui.data.coregen.df@3924d002_ARCHIVE_LOCATION">c:/Xilinx/My_projects/i2s_test-main/AntminerS9_FM_TX/ip_repo/axi_fm_ctrl/fm_ctrl_1.0</xilinx:tag>
        <xilinx:tag xilinx:name="ui.data.coregen.df@6f50794f_ARCHIVE_LOCATION">c:/Xilinx/My_projects/i2s_test-main/AntminerS9_FM_TX/ip_repo/axi_fm_ctrl/fm_ctrl_1.0</xilinx:tag>
        <xilinx:tag xilinx:name="ui.data.coregen.df@7b70224e_ARCHIVE_LOCATION">c:/Xilinx/My_projects/i2s_test-main/AntminerS9_FM_TX/ip_repo/axi_fm_ctrl/fm_ctrl_1.0</xilinx:tag>
        <xilinx:tag xilinx:name="ui.data.coregen.df@30f4a721_ARCHIVE_LOCATION">c:/Xilinx/My_projects/i2s_test-main/AntminerS9_FM_TX/ip_repo/axi_fm_ctrl/fm_ctrl_1.0</xilinx:tag>
        <xilinx:tag xilinx:name="ui.data.coregen.df@2afdb615_ARCHIVE_LOCATION">c:/Xilinx/My_projects/i2s_test-main/AntminerS9_FM_TX/ip_repo/axi_fm_ctrl/fm_ctrl_1.0</xilinx:tag>
        <xilinx:tag xilinx:name="ui.data.coregen.df@3650ff59_ARCHIVE_LOCATION">c:/Xilinx/My_projects/i2s_test-main/AntminerS9_FM_TX/ip_repo/axi_fm_ctrl/fm_ctrl_1.0</xilinx:tag>
        <xilinx:tag xilinx:name="ui.data.coregen.df@7802c85a_ARCHIVE_LOCATION">c:/Xilinx/My_projects/i2s_test-main/AntminerS9_FM_TX/ip_repo/axi_fm_ctrl/fm_ctrl_1.0</xilinx:tag>
        <xilinx:tag xilinx:name="ui.data.coregen.df@2b402167_ARCHIVE_LOCATION">c:/Xilinx/My_projects/i2s_test-main/AntminerS9_FM_TX/ip_repo/axi_fm_ctrl/fm_ctrl_1.0</xilinx:tag>
        <xilinx:tag xilinx:name="ui.data.coregen.df@107a0d28_ARCHIVE_LOCATION">c:/Xilinx/My_projects/i2s_test-main/AntminerS9_FM_TX/ip_repo/axi_fm_ctrl/fm_ctrl_1.0</xilinx:tag>
        <xilinx:tag xilinx:name="ui.data.coregen.df@7d37df35_ARCHIVE_LOCATION">c:/Xilinx/My_projects/i2s_test-main/AntminerS9_FM_TX/ip_repo/axi_fm_ctrl/fm_ctrl_1.0</xilinx:tag>
        <xilinx:tag xilinx:name="ui.data.coregen.df@2eead015_ARCHIVE_LOCATION">c:/Xilinx/My_projects/i2s_test-main/AntminerS9_FM_TX/ip_repo/axi_fm_ctrl/fm_ctrl_1.0</xilinx:tag>
        <xilinx:tag xilinx:name="ui.data.coregen.df@6bc94c63_ARCHIVE_LOCATION">c:/Xilinx/My_projects/i2s_test-main/AntminerS9_FM_TX/ip_repo/axi_fm_ctrl/fm_ctrl_1.0</xilinx:tag>
        <xilinx:tag xilinx:name="ui.data.coregen.df@36553668_ARCHIVE_LOCATION">c:/Xilinx/My_projects/i2s_test-main/AntminerS9_FM_TX/ip_repo/axi_fm_ctrl/fm_ctrl_1.0</xilinx:tag>
        <xilinx:tag xilinx:name="ui.data.coregen.df@55b1e167_ARCHIVE_LOCATION">c:/Xilinx/My_projects/i2s_test-main/AntminerS9_FM_TX/ip_repo/axi_fm_ctrl/fm_ctrl_1.0</xilinx:tag>
        <xilinx:tag xilinx:name="ui.data.coregen.df@2697699d_ARCHIVE_LOCATION">c:/Xilinx/My_projects/i2s_test-main/AntminerS9_FM_TX/ip_repo/axi_fm_ctrl/fm_ctrl_1.0</xilinx:tag>
        <xilinx:tag xilinx:name="ui.data.coregen.df@2434b126_ARCHIVE_LOCATION">c:/Xilinx/My_projects/i2s_test-main/AntminerS9_FM_TX/ip_repo/axi_fm_ctrl/fm_ctrl_1.0</xilinx:tag>
        <xilinx:tag xilinx:name="ui.data.coregen.df@16c32ff_ARCHIVE_LOCATION">c:/Xilinx/My_projects/i2s_test-main/AntminerS9_FM_TX/ip_repo/axi_fm_ctrl/fm_ctrl_1.0</xilinx:tag>
        <xilinx:tag xilinx:name="ui.data.coregen.df@cef59ee_ARCHIVE_LOCATION">c:/Xilinx/My_projects/i2s_test-main/AntminerS9_FM_TX/ip_repo/axi_fm_ctrl/fm_ctrl_1.0</xilinx:tag>
        <xilinx:tag xilinx:name="ui.data.coregen.df@922ce00_ARCHIVE_LOCATION">c:/Xilinx/My_projects/i2s_test-main/AntminerS9_FM_TX/ip_repo/axi_fm_ctrl/fm_ctrl_1.0</xilinx:tag>
        <xilinx:tag xilinx:name="ui.data.coregen.df@636a5caa_ARCHIVE_LOCATION">c:/Xilinx/My_projects/i2s_test-main/AntminerS9_FM_TX/ip_repo/axi_fm_ctrl/fm_ctrl_1.0</xilinx:tag>
        <xilinx:tag xilinx:name="ui.data.coregen.df@78d4033_ARCHIVE_LOCATION">c:/Xilinx/My_projects/i2s_test-main/AntminerS9_FM_TX/ip_repo/axi_fm_ctrl/fm_ctrl_1.0</xilinx:tag>
        <xilinx:tag xilinx:name="ui.data.coregen.df@28437d1_ARCHIVE_LOCATION">c:/Xilinx/My_projects/i2s_test-main/AntminerS9_FM_TX/ip_repo/axi_fm_ctrl/fm_ctrl_1.0</xilinx:tag>
        <xilinx:tag xilinx:name="ui.data.coregen.df@756cc9e9_ARCHIVE_LOCATION">c:/Xilinx/My_projects/i2s_test-main/AntminerS9_FM_TX/ip_repo/axi_fm_ctrl/fm_ctrl_1.0</xilinx:tag>
        <xilinx:tag xilinx:name="ui.data.coregen.df@5b6063b6_ARCHIVE_LOCATION">c:/Xilinx/My_projects/i2s_test-main/AntminerS9_FM_TX/ip_repo/axi_fm_ctrl/fm_ctrl_1.0</xilinx:tag>
        <xilinx:tag xilinx:name="ui.data.coregen.df@3b7afffa_ARCHIVE_LOCATION">c:/Xilinx/My_projects/i2s_test-main/AntminerS9_FM_TX/ip_repo/axi_fm_ctrl/fm_ctrl_1.0</xilinx:tag>
        <xilinx:tag xilinx:name="ui.data.coregen.df@2823e112_ARCHIVE_LOCATION">c:/Xilinx/My_projects/i2s_test-main/AntminerS9_FM_TX/ip_repo/axi_fm_ctrl/fm_ctrl_1.0</xilinx:tag>
        <xilinx:tag xilinx:name="ui.data.coregen.df@786fded5_ARCHIVE_LOCATION">c:/Xilinx/My_projects/i2s_test-main/AntminerS9_FM_TX/ip_repo/axi_fm_ctrl/fm_ctrl_1.0</xilinx:tag>
        <xilinx:tag xilinx:name="ui.data.coregen.df@dafa2f6_ARCHIVE_LOCATION">c:/Xilinx/My_projects/i2s_test-main/AntminerS9_FM_TX/ip_repo/axi_fm_ctrl/fm_ctrl_1.0</xilinx:tag>
        <xilinx:tag xilinx:name="ui.data.coregen.df@776099c9_ARCHIVE_LOCATION">c:/Xilinx/My_projects/i2s_test-main/AntminerS9_FM_TX/ip_repo/axi_fm_ctrl/fm_ctrl_1.0</xilinx:tag>
        <xilinx:tag xilinx:name="ui.data.coregen.df@b29d727_ARCHIVE_LOCATION">c:/Xilinx/My_projects/i2s_test-main/AntminerS9_FM_TX/ip_repo/axi_fm_ctrl/fm_ctrl_1.0</xilinx:tag>
        <xilinx:tag xilinx:name="ui.data.coregen.df@a23e98_ARCHIVE_LOCATION">c:/Xilinx/My_projects/i2s_test-main/AntminerS9_FM_TX/ip_repo/axi_fm_ctrl/fm_ctrl_1.0</xilinx:tag>
        <xilinx:tag xilinx:name="ui.data.coregen.df@7cd85f04_ARCHIVE_LOCATION">c:/Xilinx/My_projects/i2s_test-main/AntminerS9_FM_TX/ip_repo/axi_fm_ctrl/fm_ctrl_1.0</xilinx:tag>
        <xilinx:tag xilinx:name="ui.data.coregen.df@bd8c1b6_ARCHIVE_LOCATION">c:/Xilinx/My_projects/i2s_test-main/AntminerS9_FM_TX/ip_repo/axi_fm_ctrl/fm_ctrl_1.0</xilinx:tag>
        <xilinx:tag xilinx:name="ui.data.coregen.df@55e06935_ARCHIVE_LOCATION">c:/Xilinx/My_projects/i2s_test-main/AntminerS9_FM_TX/ip_repo/axi_fm_ctrl/fm_ctrl_1.0</xilinx:tag>
        <xilinx:tag xilinx:name="ui.data.coregen.df@7518dfab_ARCHIVE_LOCATION">c:/Xilinx/My_projects/i2s_test-main/AntminerS9_FM_TX/ip_repo/axi_fm_ctrl/fm_ctrl_1.0</xilinx:tag>
        <xilinx:tag xilinx:name="ui.data.coregen.df@59b01bf4_ARCHIVE_LOCATION">c:/Xilinx/My_projects/i2s_test-main/AntminerS9_FM_TX/ip_repo/axi_fm_ctrl/fm_ctrl_1.0</xilinx:tag>
        <xilinx:tag xilinx:name="ui.data.coregen.df@78f63f63_ARCHIVE_LOCATION">c:/Xilinx/My_projects/i2s_test-main/AntminerS9_FM_TX/ip_repo/axi_fm_ctrl/fm_ctrl_1.0</xilinx:tag>
        <xilinx:tag xilinx:name="ui.data.coregen.df@119648e5_ARCHIVE_LOCATION">c:/Xilinx/My_projects/i2s_test-main/AntminerS9_FM_TX/ip_repo/axi_fm_ctrl/fm_ctrl_1.0</xilinx:tag>
        <xilinx:tag xilinx:name="ui.data.coregen.df@97c1577_ARCHIVE_LOCATION">c:/Xilinx/My_projects/i2s_test-main/AntminerS9_FM_TX/ip_repo/axi_fm_ctrl/fm_ctrl_1.0</xilinx:tag>
        <xilinx:tag xilinx:name="ui.data.coregen.df@457f6b97_ARCHIVE_LOCATION">c:/Xilinx/My_projects/i2s_test-main/AntminerS9_FM_TX/ip_repo/axi_fm_ctrl/fm_ctrl_1.0</xilinx:tag>
        <xilinx:tag xilinx:name="ui.data.coregen.df@2aadfbf1_ARCHIVE_LOCATION">c:/Xilinx/My_projects/i2s_test-main/AntminerS9_FM_TX/ip_repo/axi_fm_ctrl/fm_ctrl_1.0</xilinx:tag>
        <xilinx:tag xilinx:name="ui.data.coregen.df@4f853d11_ARCHIVE_LOCATION">c:/Xilinx/My_projects/i2s_test-main/AntminerS9_FM_TX/ip_repo/axi_fm_ctrl/fm_ctrl_1.0</xilinx:tag>
        <xilinx:tag xilinx:name="ui.data.coregen.df@5c14b02d_ARCHIVE_LOCATION">c:/Xilinx/My_projects/i2s_test-main/AntminerS9_FM_TX/ip_repo/axi_fm_ctrl/fm_ctrl_1.0</xilinx:tag>
        <xilinx:tag xilinx:name="ui.data.coregen.df@16a6b50e_ARCHIVE_LOCATION">c:/Xilinx/My_projects/i2s_test-main/AntminerS9_FM_TX/ip_repo/axi_fm_ctrl/fm_ctrl_1.0</xilinx:tag>
        <xilinx:tag xilinx:name="ui.data.coregen.df@70305f4e_ARCHIVE_LOCATION">c:/Xilinx/My_projects/i2s_test-main/AntminerS9_FM_TX/ip_repo/axi_fm_ctrl/fm_ctrl_1.0</xilinx:tag>
        <xilinx:tag xilinx:name="ui.data.coregen.df@65c0b733_ARCHIVE_LOCATION">c:/Xilinx/My_projects/i2s_test-main/AntminerS9_FM_TX/ip_repo/axi_fm_ctrl/fm_ctrl_1.0</xilinx:tag>
        <xilinx:tag xilinx:name="ui.data.coregen.df@51e5ddd4_ARCHIVE_LOCATION">c:/Xilinx/My_projects/i2s_test-main/AntminerS9_FM_TX/ip_repo/axi_fm_ctrl/fm_ctrl_1.0</xilinx:tag>
        <xilinx:tag xilinx:name="ui.data.coregen.df@2cf184d1_ARCHIVE_LOCATION">c:/Xilinx/My_projects/i2s_test-main/AntminerS9_FM_TX/ip_repo/axi_fm_ctrl/fm_ctrl_1.0</xilinx:tag>
        <xilinx:tag xilinx:name="ui.data.coregen.df@1c41f67d_ARCHIVE_LOCATION">c:/Xilinx/My_projects/i2s_test-main/AntminerS9_FM_TX/ip_repo/axi_fm_ctrl/fm_ctrl_1.0</xilinx:tag>
        <xilinx:tag xilinx:name="ui.data.coregen.df@73a953a_ARCHIVE_LOCATION">c:/Xilinx/My_projects/i2s_test-main/AntminerS9_FM_TX/ip_repo/axi_fm_ctrl/fm_ctrl_1.0</xilinx:tag>
        <xilinx:tag xilinx:name="ui.data.coregen.df@25ed8281_ARCHIVE_LOCATION">c:/Xilinx/My_projects/i2s_test-main/AntminerS9_FM_TX/ip_repo/axi_fm_ctrl/fm_ctrl_1.0</xilinx:tag>
        <xilinx:tag xilinx:name="ui.data.coregen.df@186292f_ARCHIVE_LOCATION">c:/Xilinx/My_projects/i2s_test-main/AntminerS9_FM_TX/ip_repo/axi_fm_ctrl/fm_ctrl_1.0</xilinx:tag>
        <xilinx:tag xilinx:name="ui.data.coregen.df@6e3c6214_ARCHIVE_LOCATION">c:/Xilinx/My_projects/i2s_test-main/AntminerS9_FM_TX/ip_repo/axi_fm_ctrl/fm_ctrl_1.0</xilinx:tag>
        <xilinx:tag xilinx:name="ui.data.coregen.df@cfeb7db_ARCHIVE_LOCATION">c:/Xilinx/My_projects/i2s_test-main/AntminerS9_FM_TX/ip_repo/axi_fm_ctrl/fm_ctrl_1.0</xilinx:tag>
        <xilinx:tag xilinx:name="ui.data.coregen.df@dc522f5_ARCHIVE_LOCATION">c:/Xilinx/My_projects/i2s_test-main/AntminerS9_FM_TX/ip_repo/axi_fm_ctrl/fm_ctrl_1.0</xilinx:tag>
        <xilinx:tag xilinx:name="ui.data.coregen.df@2a692ca5_ARCHIVE_LOCATION">c:/Xilinx/My_projects/i2s_test-main/AntminerS9_FM_TX/ip_repo/axi_fm_ctrl/fm_ctrl_1.0</xilinx:tag>
        <xilinx:tag xilinx:name="ui.data.coregen.df@671af11_ARCHIVE_LOCATION">c:/Xilinx/My_projects/i2s_test-main/AntminerS9_FM_TX/ip_repo/axi_fm_ctrl/fm_ctrl_1.0</xilinx:tag>
        <xilinx:tag xilinx:name="ui.data.coregen.df@591a2498_ARCHIVE_LOCATION">c:/Xilinx/My_projects/i2s_test-main/AntminerS9_FM_TX/ip_repo/axi_fm_ctrl/fm_ctrl_1.0</xilinx:tag>
        <xilinx:tag xilinx:name="ui.data.coregen.df@6363b447_ARCHIVE_LOCATION">c:/Xilinx/My_projects/i2s_test-main/AntminerS9_FM_TX/ip_repo/axi_fm_ctrl/fm_ctrl_1.0</xilinx:tag>
        <xilinx:tag xilinx:name="ui.data.coregen.df@70c9b07_ARCHIVE_LOCATION">c:/Xilinx/My_projects/i2s_test-main/AntminerS9_FM_TX/ip_repo/axi_fm_ctrl/fm_ctrl_1.0</xilinx:tag>
        <xilinx:tag xilinx:name="ui.data.coregen.df@2ba7397f_ARCHIVE_LOCATION">c:/Xilinx/My_projects/i2s_test-main/AntminerS9_FM_TX/ip_repo/axi_fm_ctrl/fm_ctrl_1.0</xilinx:tag>
        <xilinx:tag xilinx:name="ui.data.coregen.df@50eb114e_ARCHIVE_LOCATION">c:/Xilinx/My_projects/i2s_test-main/AntminerS9_FM_TX/ip_repo/axi_fm_ctrl/fm_ctrl_1.0</xilinx:tag>
        <xilinx:tag xilinx:name="ui.data.coregen.df@5c4b3468_ARCHIVE_LOCATION">c:/Xilinx/My_projects/i2s_test-main/AntminerS9_FM_TX/ip_repo/axi_fm_ctrl/fm_ctrl_1.0</xilinx:tag>
        <xilinx:tag xilinx:name="ui.data.coregen.df@4789a0e8_ARCHIVE_LOCATION">c:/Xilinx/My_projects/i2s_test-main/AntminerS9_FM_TX/ip_repo/axi_fm_ctrl/fm_ctrl_1.0</xilinx:tag>
        <xilinx:tag xilinx:name="ui.data.coregen.df@562a26a5_ARCHIVE_LOCATION">c:/Xilinx/My_projects/i2s_test-main/AntminerS9_FM_TX/ip_repo/axi_fm_ctrl/fm_ctrl_1.0</xilinx:tag>
        <xilinx:tag xilinx:name="ui.data.coregen.df@c0fa7d5_ARCHIVE_LOCATION">c:/Xilinx/My_projects/i2s_test-main/AntminerS9_FM_TX/ip_repo/axi_fm_ctrl/fm_ctrl_1.0</xilinx:tag>
        <xilinx:tag xilinx:name="ui.data.coregen.df@2f4e2ada_ARCHIVE_LOCATION">c:/Xilinx/My_projects/i2s_test-main/AntminerS9_FM_TX/ip_repo/axi_fm_ctrl/fm_ctrl_1.0</xilinx:tag>
        <xilinx:tag xilinx:name="ui.data.coregen.df@6c61e44e_ARCHIVE_LOCATION">c:/Xilinx/My_projects/i2s_test-main/AntminerS9_FM_TX/ip_repo/axi_fm_ctrl/fm_ctrl_1.0</xilinx:tag>
        <xilinx:tag xilinx:name="ui.data.coregen.df@7a14a856_ARCHIVE_LOCATION">c:/Xilinx/My_projects/i2s_test-main/AntminerS9_FM_TX/ip_repo/axi_fm_ctrl/fm_ctrl_1.0</xilinx:tag>
        <xilinx:tag xilinx:name="ui.data.coregen.df@fa5808f_ARCHIVE_LOCATION">c:/Xilinx/My_projects/i2s_test-main/AntminerS9_FM_TX/ip_repo/axi_fm_ctrl/fm_ctrl_1.0</xilinx:tag>
        <xilinx:tag xilinx:name="ui.data.coregen.df@691230e7_ARCHIVE_LOCATION">c:/Xilinx/My_projects/i2s_test-main/AntminerS9_FM_TX/ip_repo/axi_fm_ctrl/fm_ctrl_1.0</xilinx:tag>
        <xilinx:tag xilinx:name="ui.data.coregen.df@2c0c30dd_ARCHIVE_LOCATION">c:/Xilinx/My_projects/i2s_test-main/AntminerS9_FM_TX/ip_repo/axi_fm_ctrl/fm_ctrl_1.0</xilinx:tag>
        <xilinx:tag xilinx:name="ui.data.coregen.df@691f0517_ARCHIVE_LOCATION">c:/Xilinx/My_projects/i2s_test-main/AntminerS9_FM_TX/ip_repo/axi_fm_ctrl/fm_ctrl_1.0</xilinx:tag>
        <xilinx:tag xilinx:name="ui.data.coregen.df@78a455e5_ARCHIVE_LOCATION">c:/Xilinx/My_projects/i2s_test-main/AntminerS9_FM_TX/ip_repo/axi_fm_ctrl/fm_ctrl_1.0</xilinx:tag>
        <xilinx:tag xilinx:name="ui.data.coregen.df@1072c4d_ARCHIVE_LOCATION">c:/Xilinx/My_projects/i2s_test-main/AntminerS9_FM_TX/ip_repo/axi_fm_ctrl/fm_ctrl_1.0</xilinx:tag>
        <xilinx:tag xilinx:name="ui.data.coregen.df@7a44212b_ARCHIVE_LOCATION">c:/Xilinx/My_projects/i2s_test-main/AntminerS9_FM_TX/ip_repo/axi_fm_ctrl/fm_ctrl_1.0</xilinx:tag>
        <xilinx:tag xilinx:name="ui.data.coregen.df@622de30e_ARCHIVE_LOCATION">c:/Xilinx/My_projects/i2s_test-main/AntminerS9_FM_TX/ip_repo/axi_fm_ctrl/fm_ctrl_1.0</xilinx:tag>
        <xilinx:tag xilinx:name="ui.data.coregen.df@5e1a2af5_ARCHIVE_LOCATION">c:/Xilinx/My_projects/i2s_test-main/AntminerS9_FM_TX/ip_repo/axi_fm_ctrl/fm_ctrl_1.0</xilinx:tag>
        <xilinx:tag xilinx:name="ui.data.coregen.df@70a2602e_ARCHIVE_LOCATION">c:/Xilinx/My_projects/i2s_test-main/AntminerS9_FM_TX/ip_repo/axi_fm_ctrl/fm_ctrl_1.0</xilinx:tag>
        <xilinx:tag xilinx:name="ui.data.coregen.df@63e4380d_ARCHIVE_LOCATION">c:/Xilinx/My_projects/i2s_test-main/AntminerS9_FM_TX/ip_repo/axi_fm_ctrl/fm_ctrl_1.0</xilinx:tag>
        <xilinx:tag xilinx:name="ui.data.coregen.df@3ab32717_ARCHIVE_LOCATION">c:/Xilinx/My_projects/i2s_test-main/AntminerS9_FM_TX/ip_repo/axi_fm_ctrl/fm_ctrl_1.0</xilinx:tag>
        <xilinx:tag xilinx:name="ui.data.coregen.df@731c17d1_ARCHIVE_LOCATION">c:/Xilinx/My_projects/i2s_test-main/AntminerS9_FM_TX/ip_repo/axi_fm_ctrl/fm_ctrl_1.0</xilinx:tag>
        <xilinx:tag xilinx:name="ui.data.coregen.df@40c6824f_ARCHIVE_LOCATION">c:/Xilinx/My_projects/i2s_test-main/AntminerS9_FM_TX/ip_repo/axi_fm_ctrl/fm_ctrl_1.0</xilinx:tag>
        <xilinx:tag xilinx:name="ui.data.coregen.df@53efbecf_ARCHIVE_LOCATION">c:/Xilinx/My_projects/i2s_test-main/AntminerS9_FM_TX/ip_repo/axi_fm_ctrl/fm_ctrl_1.0</xilinx:tag>
        <xilinx:tag xilinx:name="ui.data.coregen.df@6992d497_ARCHIVE_LOCATION">c:/Xilinx/My_projects/i2s_test-main/AntminerS9_FM_TX/ip_repo/axi_fm_ctrl/fm_ctrl_1.0</xilinx:tag>
        <xilinx:tag xilinx:name="ui.data.coregen.df@13887c6_ARCHIVE_LOCATION">c:/Xilinx/My_projects/i2s_test-main/AntminerS9_FM_TX/ip_repo/axi_fm_ctrl/fm_ctrl_1.0</xilinx:tag>
        <xilinx:tag xilinx:name="ui.data.coregen.df@3d8d53c_ARCHIVE_LOCATION">c:/Xilinx/My_projects/i2s_test-main/AntminerS9_FM_TX/ip_repo/axi_fm_ctrl/fm_ctrl_1.0</xilinx:tag>
        <xilinx:tag xilinx:name="ui.data.coregen.df@408d6ebd_ARCHIVE_LOCATION">c:/Xilinx/My_projects/i2s_test-main/AntminerS9_FM_TX/ip_repo/axi_fm_ctrl/fm_ctrl_1.0</xilinx:tag>
        <xilinx:tag xilinx:name="ui.data.coregen.df@23f9eec2_ARCHIVE_LOCATION">c:/Xilinx/My_projects/i2s_test-main/AntminerS9_FM_TX/ip_repo/axi_fm_ctrl/fm_ctrl_1.0</xilinx:tag>
        <xilinx:tag xilinx:name="ui.data.coregen.df@5d554df0_ARCHIVE_LOCATION">c:/Xilinx/My_projects/i2s_test-main/AntminerS9_FM_TX/ip_repo/axi_fm_ctrl/fm_ctrl_1.0</xilinx:tag>
        <xilinx:tag xilinx:name="ui.data.coregen.df@783d2aa4_ARCHIVE_LOCATION">c:/Xilinx/My_projects/i2s_test-main/AntminerS9_FM_TX/ip_repo/axi_fm_ctrl/fm_ctrl_1.0</xilinx:tag>
        <xilinx:tag xilinx:name="ui.data.coregen.df@302a682_ARCHIVE_LOCATION">c:/Xilinx/My_projects/i2s_test-main/AntminerS9_FM_TX/ip_repo/axi_fm_ctrl/fm_ctrl_1.0</xilinx:tag>
        <xilinx:tag xilinx:name="ui.data.coregen.df@294e679e_ARCHIVE_LOCATION">c:/Xilinx/My_projects/i2s_test-main/AntminerS9_FM_TX/ip_repo/axi_fm_ctrl/fm_ctrl_1.0</xilinx:tag>
        <xilinx:tag xilinx:name="ui.data.coregen.df@ccf3812_ARCHIVE_LOCATION">c:/Xilinx/My_projects/i2s_test-main/AntminerS9_FM_TX/ip_repo/axi_fm_ctrl/fm_ctrl_1.0</xilinx:tag>
        <xilinx:tag xilinx:name="ui.data.coregen.df@26994cbb_ARCHIVE_LOCATION">c:/Xilinx/My_projects/i2s_test-main/AntminerS9_FM_TX/ip_repo/axi_fm_ctrl/fm_ctrl_1.0</xilinx:tag>
        <xilinx:tag xilinx:name="ui.data.coregen.df@398af131_ARCHIVE_LOCATION">c:/Xilinx/My_projects/i2s_test-main/AntminerS9_FM_TX/ip_repo/axi_fm_ctrl/fm_ctrl_1.0</xilinx:tag>
        <xilinx:tag xilinx:name="ui.data.coregen.df@649f363c_ARCHIVE_LOCATION">c:/Xilinx/My_projects/i2s_test-main/AntminerS9_FM_TX/ip_repo/axi_fm_ctrl/fm_ctrl_1.0</xilinx:tag>
        <xilinx:tag xilinx:name="ui.data.coregen.df@61c00666_ARCHIVE_LOCATION">c:/Xilinx/My_projects/i2s_test-main/AntminerS9_FM_TX/ip_repo/axi_fm_ctrl/fm_ctrl_1.0</xilinx:tag>
        <xilinx:tag xilinx:name="ui.data.coregen.df@33fa5439_ARCHIVE_LOCATION">c:/Xilinx/My_projects/i2s_test-main/AntminerS9_FM_TX/ip_repo/axi_fm_ctrl/fm_ctrl_1.0</xilinx:tag>
        <xilinx:tag xilinx:name="ui.data.coregen.df@49c41c14_ARCHIVE_LOCATION">c:/Xilinx/My_projects/i2s_test-main/AntminerS9_FM_TX/ip_repo/axi_fm_ctrl/fm_ctrl_1.0</xilinx:tag>
        <xilinx:tag xilinx:name="ui.data.coregen.df@1dc04c21_ARCHIVE_LOCATION">c:/Xilinx/My_projects/i2s_test-main/AntminerS9_FM_TX/ip_repo/axi_fm_ctrl/fm_ctrl_1.0</xilinx:tag>
        <xilinx:tag xilinx:name="ui.data.coregen.df@2f69f13d_ARCHIVE_LOCATION">c:/Xilinx/My_projects/i2s_test-main/AntminerS9_FM_TX/ip_repo/axi_fm_ctrl/fm_ctrl_1.0</xilinx:tag>
        <xilinx:tag xilinx:name="ui.data.coregen.df@4c0f8412_ARCHIVE_LOCATION">c:/Xilinx/My_projects/i2s_test-main/AntminerS9_FM_TX/ip_repo/axi_fm_ctrl/fm_ctrl_1.0</xilinx:tag>
        <xilinx:tag xilinx:name="ui.data.coregen.df@77584691_ARCHIVE_LOCATION">c:/Xilinx/My_projects/i2s_test-main/AntminerS9_FM_TX/ip_repo/axi_fm_ctrl/fm_ctrl_1.0</xilinx:tag>
        <xilinx:tag xilinx:name="ui.data.coregen.df@9dc724c_ARCHIVE_LOCATION">c:/Xilinx/My_projects/i2s_test-main/AntminerS9_FM_TX/ip_repo/axi_fm_ctrl/fm_ctrl_1.0</xilinx:tag>
        <xilinx:tag xilinx:name="ui.data.coregen.df@7c3425d8_ARCHIVE_LOCATION">c:/Xilinx/My_projects/i2s_test-main/AntminerS9_FM_TX/ip_repo/axi_fm_ctrl/fm_ctrl_1.0</xilinx:tag>
        <xilinx:tag xilinx:name="ui.data.coregen.df@2a43b4b2_ARCHIVE_LOCATION">c:/Xilinx/My_projects/i2s_test-main/AntminerS9_FM_TX/ip_repo/axi_fm_ctrl/fm_ctrl_1.0</xilinx:tag>
        <xilinx:tag xilinx:name="ui.data.coregen.df@68fd987b_ARCHIVE_LOCATION">c:/Xilinx/My_projects/i2s_test-main/AntminerS9_FM_TX/ip_repo/axi_fm_ctrl/fm_ctrl_1.0</xilinx:tag>
        <xilinx:tag xilinx:name="ui.data.coregen.df@3dff4881_ARCHIVE_LOCATION">c:/Xilinx/My_projects/i2s_test-main/AntminerS9_FM_TX/ip_repo/axi_fm_ctrl/fm_ctrl_1.0</xilinx:tag>
        <xilinx:tag xilinx:name="ui.data.coregen.df@1c25cfea_ARCHIVE_LOCATION">c:/Xilinx/My_projects/i2s_test-main/AntminerS9_FM_TX/ip_repo/axi_fm_ctrl/fm_ctrl_1.0</xilinx:tag>
        <xilinx:tag xilinx:name="ui.data.coregen.df@1c944049_ARCHIVE_LOCATION">c:/Xilinx/My_projects/i2s_test-main/AntminerS9_FM_TX/ip_repo/axi_fm_ctrl/fm_ctrl_1.0</xilinx:tag>
        <xilinx:tag xilinx:name="ui.data.coregen.df@4d8bacf3_ARCHIVE_LOCATION">c:/Xilinx/My_projects/i2s_test-main/AntminerS9_FM_TX/ip_repo/axi_fm_ctrl/fm_ctrl_1.0</xilinx:tag>
        <xilinx:tag xilinx:name="ui.data.coregen.df@7954ca3_ARCHIVE_LOCATION">c:/Xilinx/My_projects/i2s_test-main/AntminerS9_FM_TX/ip_repo/axi_fm_ctrl/fm_ctrl_1.0</xilinx:tag>
        <xilinx:tag xilinx:name="ui.data.coregen.df@7dff04c9_ARCHIVE_LOCATION">c:/Xilinx/My_projects/i2s_test-main/AntminerS9_FM_TX/ip_repo/axi_fm_ctrl/fm_ctrl_1.0</xilinx:tag>
        <xilinx:tag xilinx:name="ui.data.coregen.df@5525d6fc_ARCHIVE_LOCATION">c:/Xilinx/My_projects/i2s_test-main/AntminerS9_FM_TX/ip_repo/axi_fm_ctrl/fm_ctrl_1.0</xilinx:tag>
        <xilinx:tag xilinx:name="ui.data.coregen.df@18fd1b_ARCHIVE_LOCATION">c:/Xilinx/My_projects/i2s_test-main/AntminerS9_FM_TX/ip_repo/axi_fm_ctrl/fm_ctrl_1.0</xilinx:tag>
      </xilinx:tags>
      <xilinx:configElementInfos>
        <xilinx:configElementInfo xilinx:referenceId="BUSIFPARAM_VALUE.S00_AXI.ADDR_WIDTH" xilinx:valueSource="auto" xilinx:valuePermission="bd"/>
        <xilinx:configElementInfo xilinx:referenceId="BUSIFPARAM_VALUE.S00_AXI.ARUSER_WIDTH" xilinx:valueSource="constant" xilinx:valuePermission="bd"/>
        <xilinx:configElementInfo xilinx:referenceId="BUSIFPARAM_VALUE.S00_AXI.AWUSER_WIDTH" xilinx:valueSource="constant" xilinx:valuePermission="bd"/>
        <xilinx:configElementInfo xilinx:referenceId="BUSIFPARAM_VALUE.S00_AXI.BUSER_WIDTH" xilinx:valueSource="constant" xilinx:valuePermission="bd"/>
        <xilinx:configElementInfo xilinx:referenceId="BUSIFPARAM_VALUE.S00_AXI.CLK_DOMAIN" xilinx:valueSource="default_prop" xilinx:valuePermission="bd"/>
        <xilinx:configElementInfo xilinx:referenceId="BUSIFPARAM_VALUE.S00_AXI.DATA_WIDTH" xilinx:valueSource="auto" xilinx:valuePermission="bd"/>
        <xilinx:configElementInfo xilinx:referenceId="BUSIFPARAM_VALUE.S00_AXI.FREQ_HZ" xilinx:valueSource="user_prop" xilinx:valuePermission="bd"/>
        <xilinx:configElementInfo xilinx:referenceId="BUSIFPARAM_VALUE.S00_AXI.HAS_BRESP" xilinx:valueSource="constant" xilinx:valuePermission="bd"/>
        <xilinx:configElementInfo xilinx:referenceId="BUSIFPARAM_VALUE.S00_AXI.HAS_BURST" xilinx:valueSource="constant" xilinx:valuePermission="bd"/>
        <xilinx:configElementInfo xilinx:referenceId="BUSIFPARAM_VALUE.S00_AXI.HAS_CACHE" xilinx:valueSource="constant" xilinx:valuePermission="bd"/>
        <xilinx:configElementInfo xilinx:referenceId="BUSIFPARAM_VALUE.S00_AXI.HAS_LOCK" xilinx:valueSource="constant" xilinx:valuePermission="bd"/>
        <xilinx:configElementInfo xilinx:referenceId="BUSIFPARAM_VALUE.S00_AXI.HAS_PROT" xilinx:valueSource="constant" xilinx:valuePermission="bd"/>
        <xilinx:configElementInfo xilinx:referenceId="BUSIFPARAM_VALUE.S00_AXI.HAS_QOS" xilinx:valueSource="constant" xilinx:valuePermission="bd"/>
        <xilinx:configElementInfo xilinx:referenceId="BUSIFPARAM_VALUE.S00_AXI.HAS_REGION" xilinx:valueSource="constant" xilinx:valuePermission="bd"/>
        <xilinx:configElementInfo xilinx:referenceId="BUSIFPARAM_VALUE.S00_AXI.HAS_RRESP" xilinx:valueSource="constant" xilinx:valuePermission="bd"/>
        <xilinx:configElementInfo xilinx:referenceId="BUSIFPARAM_VALUE.S00_AXI.HAS_WSTRB" xilinx:valueSource="constant" xilinx:valuePermission="bd"/>
        <xilinx:configElementInfo xilinx:referenceId="BUSIFPARAM_VALUE.S00_AXI.ID_WIDTH" xilinx:valueSource="constant" xilinx:valuePermission="bd"/>
        <xilinx:configElementInfo xilinx:referenceId="BUSIFPARAM_VALUE.S00_AXI.MAX_BURST_LENGTH" xilinx:valueSource="ip_propagated" xilinx:valuePermission="bd"/>
        <xilinx:configElementInfo xilinx:referenceId="BUSIFPARAM_VALUE.S00_AXI.NUM_READ_OUTSTANDING" xilinx:valueSource="default_prop" xilinx:valuePermission="bd"/>
        <xilinx:configElementInfo xilinx:referenceId="BUSIFPARAM_VALUE.S00_AXI.NUM_READ_THREADS" xilinx:valuePermission="bd"/>
        <xilinx:configElementInfo xilinx:referenceId="BUSIFPARAM_VALUE.S00_AXI.NUM_WRITE_OUTSTANDING" xilinx:valueSource="default_prop" xilinx:valuePermission="bd"/>
        <xilinx:configElementInfo xilinx:referenceId="BUSIFPARAM_VALUE.S00_AXI.NUM_WRITE_THREADS" xilinx:valuePermission="bd"/>
        <xilinx:configElementInfo xilinx:referenceId="BUSIFPARAM_VALUE.S00_AXI.PHASE" xilinx:valuePermission="bd"/>
        <xilinx:configElementInfo xilinx:referenceId="BUSIFPARAM_VALUE.S00_AXI.PROTOCOL" xilinx:valueSource="constant" xilinx:valuePermission="bd"/>
        <xilinx:configElementInfo xilinx:referenceId="BUSIFPARAM_VALUE.S00_AXI.READ_WRITE_MODE" xilinx:valueSource="constant" xilinx:valuePermission="bd"/>
        <xilinx:configElementInfo xilinx:referenceId="BUSIFPARAM_VALUE.S00_AXI.RUSER_BITS_PER_BYTE" xilinx:valuePermission="bd"/>
        <xilinx:configElementInfo xilinx:referenceId="BUSIFPARAM_VALUE.S00_AXI.RUSER_WIDTH" xilinx:valueSource="constant" xilinx:valuePermission="bd"/>
        <xilinx:configElementInfo xilinx:referenceId="BUSIFPARAM_VALUE.S00_AXI.SUPPORTS_NARROW_BURST" xilinx:valuePermission="bd"/>
        <xilinx:configElementInfo xilinx:referenceId="BUSIFPARAM_VALUE.S00_AXI.WIZ_DATA_WIDTH" xilinx:valuePermission="bd"/>
        <xilinx:configElementInfo xilinx:referenceId="BUSIFPARAM_VALUE.S00_AXI.WIZ_NUM_REG" xilinx:valuePermission="bd"/>
        <xilinx:configElementInfo xilinx:referenceId="BUSIFPARAM_VALUE.S00_AXI.WUSER_BITS_PER_BYTE" xilinx:valuePermission="bd"/>
        <xilinx:configElementInfo xilinx:referenceId="BUSIFPARAM_VALUE.S00_AXI.WUSER_WIDTH" xilinx:valueSource="constant" xilinx:valuePermission="bd"/>
        <xilinx:configElementInfo xilinx:referenceId="BUSIFPARAM_VALUE.S00_AXI_CLK.ASSOCIATED_BUSIF" xilinx:valuePermission="bd"/>
        <xilinx:configElementInfo xilinx:referenceId="BUSIFPARAM_VALUE.S00_AXI_CLK.ASSOCIATED_RESET" xilinx:valuePermission="bd"/>
        <xilinx:configElementInfo xilinx:referenceId="BUSIFPARAM_VALUE.S00_AXI_CLK.CLK_DOMAIN" xilinx:valueSource="default_prop" xilinx:valuePermission="bd"/>
        <xilinx:configElementInfo xilinx:referenceId="BUSIFPARAM_VALUE.S00_AXI_CLK.FREQ_HZ" xilinx:valueSource="user_prop" xilinx:valuePermission="bd"/>
        <xilinx:configElementInfo xilinx:referenceId="BUSIFPARAM_VALUE.S00_AXI_CLK.FREQ_TOLERANCE_HZ" xilinx:valuePermission="bd"/>
        <xilinx:configElementInfo xilinx:referenceId="BUSIFPARAM_VALUE.S00_AXI_CLK.PHASE" xilinx:valuePermission="bd"/>
        <xilinx:configElementInfo xilinx:referenceId="BUSIFPARAM_VALUE.S00_AXI_RST.POLARITY" xilinx:valuePermission="bd"/>
      </xilinx:configElementInfos>
    </xilinx:coreExtensions>
    <xilinx:packagingInfo>
      <xilinx:xilinxVersion>2021.1</xilinx:xilinxVersion>
      <xilinx:checksum xilinx:scope="busInterfaces" xilinx:value="88917eeb"/>
      <xilinx:checksum xilinx:scope="memoryMaps" xilinx:value="ed1368d5"/>
      <xilinx:checksum xilinx:scope="fileGroups" xilinx:value="dd805c17"/>
      <xilinx:checksum xilinx:scope="ports" xilinx:value="0d681a2c"/>
      <xilinx:checksum xilinx:scope="hdlParameters" xilinx:value="fba08ac4"/>
      <xilinx:checksum xilinx:scope="parameters" xilinx:value="cce8d624"/>
    </xilinx:packagingInfo>
  </spirit:vendorExtensions>
</spirit:component>
