<?xml version="1.0" encoding="UTF-8"?>
<GenRun Id="system_design_audio_gain_control_0_0_synth_1" LaunchPart="xc7z010clg400-1" LaunchTime="1768375738">
  <File Type="PA-TCL" Name="system_design_audio_gain_control_0_0.tcl"/>
  <File Type="REPORTS-TCL" Name="system_design_audio_gain_control_0_0_reports.tcl"/>
  <File Type="RDS-RDS" Name="system_design_audio_gain_control_0_0.vds"/>
  <File Type="RDS-UTIL" Name="system_design_audio_gain_control_0_0_utilization_synth.rpt"/>
  <File Type="RDS-UTIL-PB" Name="system_design_audio_gain_control_0_0_utilization_synth.pb"/>
  <File Type="RDS-DCP" Name="system_design_audio_gain_control_0_0.dcp"/>
  <FileSet Name="sources" Type="BlockSrcs" RelSrcDir="$PSRCDIR/system_design_audio_gain_control_0_0">
    <File Path="$PSRCDIR/sources_1/bd/system_design/ip/system_design_audio_gain_control_0_0/system_design_audio_gain_control_0_0.xci">
      <FileInfo>
        <Attr Name="Library" Val="xil_defaultlib"/>
        <Attr Name="ImportPath" Val="$PPRDIR/../../../../../../../../../../../../../../../Xilinx/My_projects/i2s_test-main/i2s_test-main/i2s_test.srcs/sources_1/bd/system_design/ip/system_design_audio_gain_control_0_0/system_design_audio_gain_control_0_0.xci"/>
        <Attr Name="ImportTime" Val="0"/>
        <Attr Name="UsedIn" Val="synthesis"/>
        <Attr Name="UsedIn" Val="implementation"/>
        <Attr Name="UsedIn" Val="simulation"/>
      </FileInfo>
    </File>
    <Config>
      <Option Name="TopModule" Val="system_design_audio_gain_control_0_0"/>
      <Option Name="UseBlackboxStub" Val="1"/>
    </Config>
  </FileSet>
  <FileSet Name="constrs_in" Type="BlockSrcs" RelSrcDir="$PSRCDIR/system_design_audio_gain_control_0_0">
    <File Path="$PSRCDIR/sources_1/bd/system_design/ip/system_design_audio_gain_control_0_0/system_design_audio_gain_control_0_0.xci">
      <FileInfo>
        <Attr Name="Library" Val="xil_defaultlib"/>
        <Attr Name="ImportPath" Val="$PPRDIR/../../../../../../../../../../../../../../../Xilinx/My_projects/i2s_test-main/i2s_test-main/i2s_test.srcs/sources_1/bd/system_design/ip/system_design_audio_gain_control_0_0/system_design_audio_gain_control_0_0.xci"/>
        <Attr Name="ImportTime" Val="0"/>
        <Attr Name="UsedIn" Val="synthesis"/>
        <Attr Name="UsedIn" Val="implementation"/>
        <Attr Name="UsedIn" Val="simulation"/>
      </FileInfo>
    </File>
    <Config>
      <Option Name="TopModule" Val="system_design_audio_gain_control_0_0"/>
      <Option Name="UseBlackboxStub" Val="1"/>
    </Config>
  </FileSet>
  <FileSet Name="utils" Type="Utils" RelSrcDir="$PSRCDIR/utils_1">
    <Filter Type="Utils"/>
    <Config>
      <Option Name="TopAutoSet" Val="TRUE"/>
    </Config>
  </FileSet>
  <Strategy Version="1" Minor="2">
    <StratHandle Name="Vivado Synthesis Defaults" Flow="Vivado Synthesis 2021"/>
    <Step Id="synth_design"/>
  </Strategy>
</GenRun>
